{
  "ua": "",
  "homeUrl": "https://www.bidiys.cc/",
  "dcVipFlag": "true",
  "pCfgJs": "https://www.bidiys.cc/static/js/playerconfig.js",
  "pCfgJsR": "[\\W|\\S|.]*?MacPlayerConfig.player_list[\\W|\\S|.]*?=([\\W|\\S|.]*?),MacPlayerConfig.downer_list",
  "dcShow2Vip": {},
  "dcPlayUrl": "true",
  "cateManual": {
    "南瓜电影": "nanguady",
    "4K专区": "huiyuanzhuanqu",
    "电影": "dianying",
    //"连续剧": "lianxuju",
    "国产剧": "guochanju",
    "港台剧": "gangtaiju",
    "日韩剧": "rihanju",
    "欧美剧": "oumeiju",
    "其他海外": "qita",
    "日本番剧": "rbdm",
    "动漫": "dongman",
    "综艺": "zongyi"
  },

  "homeVodNode": "//div[@class=('module-item-cover')]",
  "homeVodName": "//div[@class=('module-item-pic')]/a/@title",
  "homeVodId": "/div[@class=('module-item-pic')]/a/@href",
  "homeVodIdR": "/voddetail-(\\S+).html",
  "homeVodImg": "/div[@class=('module-item-pic')]/img/@data-src",
  "homeVodImgR": "(http\\S+)",
  "homeVodMark": "/div[@class='module-item-caption']/span/text()",

  "cateUrl": "https://www.bidiys.cc/vodshow-{cateId}--hits------{catePg}---.html",
  "cateVodNode": "//div[@class=('module-item-cover')]",
  "cateVodName": "/div[@class=('module-item-pic')]/a/@title",
  "cateVodId": "/div[@class=('module-item-pic')]/a/@href",
  "cateVodIdR": "/voddetail-(\\S+).html",
  "cateVodImg": "/div[@class=('module-item-pic')]/img/@data-src",
  "cateVodImgR": "(http\\S+)",
  "cateVodMark": "/div[@class='module-item-caption']/span/text()",

  "dtUrl": "https://www.bidiys.cc/voddetail-{vid}.html",
  "dtNode": "//body",
  "dtName": "//div[contains(@class,'video-info-header')]/h1[@class='page-title']/text()",
  "dtImg": "//div[@class=('module-item-pic')]/img/@data-src",
  "dtImgR": "(http\\S+)",
  "dtCate": "//div[contains(@class,'tag-link')]/a/text()",
  "dtYear": "//a[@class='tag-link'][2]/text()",
  "dtArea": "//a[@class='tag-link'][3]/text()",
  "dtDirector": "concat(//span[contains(text(), '导演')]/parent::*/div/a/text())",
  "dtActor": "concat(//span[contains(text(), '主演')]/parent::*/div/a/text())",
  "dtDesc": "//span[contains(text(), '剧情')]/parent::*/div/span/text()",

  "dtFromNode": "//div[contains(@class,'module-tab-items')]/div[2]/div/span",
  "dtFromName": "/text()",
  "dtFromNameR": "",  
  "dtUrlNode": "//div[contains(@class,'module-tab-content')]//div[contains(@class,'sort-item')]",
  "dtUrlSubNode": "/a",
  "dtUrlId": "/@href",
  "dtUrlIdR": "/vodplay-(\\S+).html",
  "dtUrlName": "/span/text()",
  "dtUrlNameR": "",
  "playUrl": "https://www.bidiys.cc/vodplay-{playUrl}.html",

  "searchUrl": "https://www.bidiys.cc/index.php/ajax/suggest?mid=1&wd={wd}&limit=10",
  "scVodNode": "json:list",
  "scVodName": "name",
  "scVodId": "id",
  "scVodIdR": "",
  "scVodImg": "pic",
  "scVodMark": ""
}