{
  "sites": [
    {
      "key": "",
      "name": "关注公众号应用多多，获取更多免费优质内容",
      "type": 3,
      "api": "",
      "searchable": 1,
      "quickSearch": 1,
      "filterable": 1
    },
    {
      "key": "csp_Kunyu77",
      "name": "🌤酷云七七",
      "type": 3,
      "api": "csp_Kunyu77",
      "searchable": 1,
      "quickSearch": 1,
      "filterable": 1
    },
    {
      "name": "👒293视频",
      "key": "csp_SP293",
      "type": 3,
      "api": "csp_SP293",
      "searchable": 1,
      "quickSearch": 1,
      "filterable": 1
    },
    {
      "key": "快看",
      "name": "👀快看影视",
      "type": 3,
      "api": "csp_Kuaikan",
      "searchable": 1,
      "quickSearch": 1,
      "filterable": 1
    },
    {
      "key": "csp_AppTT",
      "name": "🐇兔兔影视",
      "type": 3,
      "api": "csp_AppTT",
      "playerType": 1,
      "searchable": 1,
      "quickSearch": 1,
      "filterable": 1
    },
    {
      "key": "KanSJ_spider",
      "name": "🦅看视界🦅",
      "api": "csp_KanSJ",
      "type": 3,
      "filterable": 1,
      "quickSearch": 1,
      "searchable": 1,
      "ext": ""
    },
    {
      "key": "360_spider",
      "name": "🏵360影视(官)",
      "api": "csp_SP360",
      "type": 3,
      "filterable": 1,
      "quickSearch": 1,
      "searchable": 1
    },
    {
      "key": "低端",
      "name": "🚴低端(SP)",
      "api": "csp_Ddrk",
      "type": 3,
      "filterable": 1,
      "quickSearch": 1,
      "searchable": 1
    },
    {
      "key": "csp_IQIYI",
      "name": "🥝爱奇艺(官)",
      "type": 3,
      "api": "csp_IQIYI",
      "searchable": 1,
      "quickSearch": 1,
      "filterable": 1
    },
    {
      "key": "csp_QQ",
      "name": "🐧腾讯(官)",
      "type": 3,
      "api": "csp_QQ",
      "searchable": 1,
      "quickSearch": 1,
      "filterable": 1
    },
    {
      "key": "csp_MGTV",
      "name": "🥭芒果(官)",
      "type": 3,
      "api": "csp_MGTV",
      "searchable": 1,
      "quickSearch": 1,
      "filterable": 1
    },
    {
      "key": "youku",
      "name": "👑优酷(官)",
      "type": 0,
      "api": "https://www.zycaiji.net:7788/api.php/provide/vod/from/youku/at/xml/",
      "searchable": 0,
      "quickSearch": 0,
      "filterable": 0,
      "categories": [
        "综艺",
        "动漫",
        "动作片",
        "喜剧片",
        "爱情片",
        "科幻片",
        "恐怖片",
        "剧情片",
        "战争片",
        "国产剧",
        "港台剧",
        "日韩剧",
        "欧美剧",
        "惊悚片",
        "犯罪片",
        "冒险片",
        "悬疑片",
        "动画片",
        "武侠片",
        "奇幻片",
        "少儿",
        "其他片"
      ]
    },
    {
      "key": "PpTV",
      "name": "📺PPTV(官)",
      "type": 0,
      "api": "https://www.zycaiji.net:7788/api.php/provide/vod/from/pptv/at/xml/",
      "searchable": 0,
      "quickSearch": 0,
      "filterable": 0,
      "categories": [
        "综艺",
        "动漫",
        "动作片",
        "喜剧片",
        "爱情片",
        "科幻片",
        "恐怖片",
        "剧情片",
        "战争片",
        "国产剧",
        "港台剧",
        "日韩剧",
        "欧美剧",
        "惊悚片",
        "犯罪片",
        "冒险片",
        "悬疑片",
        "动画片",
        "武侠片",
        "少儿",
        "其他片"
      ]
    },
    {
      "key": "csp_Bd",
      "name": "📯哔嘀影视",
      "type": 3,
      "api": "csp_Bdys01",
      "searchable": 1,
      "quickSearch": 1,
      "filterable": 1
    },
    {
      "key": "csp_CZSPP",
      "name": "🏭厂长资源",
      "type": 3,
      "api": "csp_Czsapp",
      "searchable": 1,
      "quickSearch": 1,
      "filterable": 1
    },
    {
      "key": "Lezhu_spider",
      "name": "🐷乐猪影视",
      "api": "csp_Lezhu",
      "type": 3,
      "filterable": 1,
      "quickSearch": 1,
      "searchable": 1
    },
    {
      "key": "Smdyy",
      "name": "🐎神马影院",
      "type": 3,
      "api": "csp_Smdyy",
      "searchable": 1,
      "quickSearch": 1,
      "filterable": 1
    },
    {
      "key": "mjxq_spider",
      "name": "🌏美剧星球",
      "type": 3,
      "api": "csp_Mjxq",
      "searchable": 1,
      "quickSearch": 1,
      "filterable": 1
    },
    {
      "key": "csp_dd5555",
      "name": "🎖555影视",
      "api": "csp_Dy555",
      "type": 3,
      "filterable": 1,
      "quickSearch": 1,
      "searchable": 1
    },
    {
      "key": "小苹果",
      "name": "🍎小苹果",
      "type": 3,
      "api": "csp_LiteApple",
      "searchable": 1,
      "quickSearch": 1,
      "filterable": 1
    },
    {
      "key": "追剧喵",
      "name": "🐱追剧喵",
      "type": 3,
      "api": "csp_ZJMiao",
      "searchable": 1,
      "quickSearch": 1,
      "filterable": 1
    },
    {
      "key": "小熊",
      "name": "🐨小熊TV",
      "type": 3,
      "api": "csp_Xxys",
      "searchable": 1,
      "quickSearch": 1,
      "filterable": 1
    },
    {
      "key": "csp_Cokemv",
      "name": "🎀Cokemv",
      "type": 3,
      "api": "csp_Cokemv",
      "searchable": 1,
      "quickSearch": 1,
      "filterable": 1
    },
    {
      "key": "csp_LibVio",
      "name": "🍒LibVio",
      "type": 3,
      "api": "csp_Lib",
      "searchable": 1,
      "quickSearch": 1,
      "filterable": 1
    },
    {
      "key": "csp_Auete",
      "name": "🐼Auete",
      "type": 3,
      "api": "csp_Auete",
      "searchable": 1,
      "quickSearch": 1,
      "filterable": 1
    },
    {
      "key": "csp_Bttoo",
      "name": "✌两个BT",
      "type": 3,
      "api": "csp_Bttoo",
      "searchable": 1,
      "quickSearch": 1,
      "filterable": 1
    },
    {
      "key": "csp_剧荒",
      "name": "👿剧荒",
      "type": 3,
      "api": "csp_Juhuang",
      "searchable": 1,
      "quickSearch": 1,
      "filterable": 1
    },
    {
      "key": "3EDY",
      "name": "🌴3EDY",
      "type": 3,
      "api": "csp_EEEDY",
      "searchable": 1,
      "quickSearch": 1,
      "filterable": 0
    },
    {
      "key": "csp_Anime1",
      "name": "🌸动漫",
      "type": 3,
      "api": "csp_Anime1",
      "searchable": 1,
      "quickSearch": 1,
      "filterable": 0
    },
    {
      "key": "17kan",
      "name": "⚽🏀17看球",
      "type": 3,
      "api": "csp_XYQBiu",
      "searchable": 0,
      "quickSearch": 0,
      "filterable": 0,
      "ext": "clan://tvboxhh/0928dcm/json/17看球.json"
    },
    {
      "key": "csp_xpath_88kanqiu",
      "name": "⚽🏀88看球",
      "type": 3,
      "api": "csp_XPathMac",
      "searchable": 0,
      "quickSearch": 0,
      "filterable": 0,
      "ext": "clan://tvboxhh/0928dcm/json/88看球.json"
    },
    {
      "key": "csp_XYQBiu_310直播",
      "name": "⚽🏀310直播",
      "type": 3,
      "api": "csp_XYQBiu",
      "searchable": 0,
      "quickSearch": 0,
      "filterable": 0,
      "ext": "clan://tvboxhh/0928dcm/json/310直播.json"
    },
    {
      "key": "csp_xpath_球迷直播",
      "name": "⚽🏀球迷直播",
      "type": 3,
      "api": "csp_XPathFilter",
      "searchable": 0,
      "quickSearch": 0,
      "filterable": 0,
      "ext": "clan://tvboxhh/0928dcm/json/球迷直播.json"
    },
    {
      "key": "JRS看球网",
      "name": "⚽🏀JRS看球网",
      "type": 3,
      "api": "csp_XPath",
      "searchable": 0,
      "quickSearch": 0,
      "filterable": 0,
      "ext": "clan://tvboxhh/0928dcm/json/JRS看球网.json"
    },
    {
      "key": "csp_BBB",
      "name": "🅱️哔哩哔哩",
      "type": 3,
      "api": "csp_Bili",
      "searchable": 0,
      "quickSearch": 0,
      "filterable": 1,
      "ext": "clan://tvboxhh/0928dcm/Bili/哔哩套餐.json"
    },
    {
      "key": "儿童",
      "name": "🐯儿童乐园",
      "type": 3,
      "api": "csp_Bili",
      "searchable": 0,
      "quickSearch": 0,
      "filterable": 1,
      "ext": "clan://tvboxhh/0928dcm/Bili/儿童乐园.json"
    },
    {
      "key": "学习",
      "name": "📝学习园地",
      "type": 3,
      "api": "csp_Bili",
      "searchable": 0,
      "quickSearch": 0,
      "filterable": 1,
      "ext": "clan://tvboxhh/0928dcm/Bili/学习园地.json"
    },
    {
      "key": "软件",
      "name": "📚软件教程",
      "type": 3,
      "api": "csp_Bili",
      "searchable": 0,
      "quickSearch": 0,
      "filterable": 1,
      "ext": "clan://tvboxhh/0928dcm/Bili/软件教程.json"
    },
    {
      "key": "美食",
      "name": "🍔美食合集",
      "type": 3,
      "api": "csp_Bili",
      "searchable": 0,
      "quickSearch": 0,
      "filterable": 1,
      "ext": "clan://tvboxhh/0928dcm/Bili/美食合集.json"
    },
    {
      "key": "音乐",
      "name": "🎤音乐现场",
      "type": 3,
      "api": "csp_Bili",
      "searchable": 0,
      "quickSearch": 0,
      "filterable": 1,
      "ext": "clan://tvboxhh/0928dcm/Bili/音乐现场.json"
    },
    {
      "key": "热舞",
      "name": "💃女团热舞",
      "type": 3,
      "api": "csp_Bili",
      "searchable": 0,
      "quickSearch": 0,
      "filterable": 1,
      "ext": "clan://tvboxhh/0928dcm/Bili/女团热舞.json"
    },
    {
      "key": "戏曲",
      "name": "👘戏曲合集",
      "type": 3,
      "api": "csp_Bili",
      "searchable": 0,
      "quickSearch": 0,
      "filterable": 1,
      "ext": "clan://tvboxhh/0928dcm/Bili/戏曲合集.json"
    },
    {
      "key": "短视频聚合",
      "name": "📱短视频聚合",
      "type": 3,
      "api": "csp_XYQBiu",
      "searchable": 0,
      "quickSearch": 0,
      "filterable": 0,
      "ext": "clan://tvboxhh/0928dcm/json/短视频聚合.json"
    },
    {
      "key": "csp_Yj1211",
      "name": "📸直播合集",
      "type": 3,
      "api": "csp_Yj1211",
      "searchable": 1,
      "quickSearch": 1,
      "filterable": 0
    },
    {
      "key": "虎牙",
      "name": "🐯虎牙",
      "type": 3,
      "api": "csp_XYQBiu",
      "searchable": 0,
      "quickSearch": 0,
      "filterable": 0,
      "ext": "clan://tvboxhh/0928dcm/json/虎牙.json"
    },
    {
      "key": "csp_biubiu_斗鱼",
      "name": "🦈斗鱼",
      "type": 3,
      "api": "csp_XBiubiu",
      "searchable": 0,
      "quickSearch": 0,
      "filterable": 0,
      "ext": "clan://tvboxhh/0928dcm/json/斗鱼.json"
    },
    {
      "key": "网易CC",
      "name": "🐠网易CC",
      "type": 3,
      "api": "csp_XYQBiu",
      "searchable": 0,
      "quickSearch": 0,
      "filterable": 0,
      "ext": "clan://tvboxhh/0928dcm/json/网易CC.json"
    },
    {
      "key": "csp_xpath_酷狗MV",
      "name": "🐶酷狗MV",
      "type": 3,
      "api": "csp_XYQBiu",
      "searchable": 0,
      "quickSearch": 0,
      "filterable": 0,
      "ext": "clan://tvboxhh/0928dcm/json/酷狗MV.json"
    },
    {
      "key": "csp_xpath_kuqimv",
      "name": "🎤酷奇MV",
      "type": 3,
      "api": "csp_XYQBiu",
      "searchable": 0,
      "quickSearch": 0,
      "filterable": 0,
      "ext": "clan://tvboxhh/0928dcm/json/酷奇MV.json"
    },
    {
      "key": "ASMR",
      "name": "👄ASMR19",
      "type": 1,
      "api": "http://www.asmr19.in/api.php/provide/vod/",
      "searchable": 0,
      "quickSearch": 0
    },
    {
      "key": "csp_Alist",
      "name": "🗂Alist合集",
      "type": 3,
      "api": "csp_Alist",
      "searchable": 1,
      "quickSearch": 0,
      "filterable": 0,
      "ext": "clan://tvboxhh/0928dcm/json/Alist.json"
    },
    {
      "key": "csp_bendi",
      "name": "📂本地视频",
      "type": 3,
      "api": "csp_LocalFile",
      "searchable": 0,
      "quickSearch": 0,
      "filterable": 0,
      "type_flag": 1
    },
    {
      "key": "T4聚合",
      "name": "🌏T4聚合",
      "type": 4,
      "api": "https://t4.secan.icu/vod?sites=all&ali_token=https://agit.ai/leevi/apps/raw/branch/main/txt/al.txt&timeout=5",
      "searchable": 1,
      "quickSearch": 1,
      "filterable": 1
    },
    {
      "key": "Gitcafe",
      "name": "🔖小纸条",
      "type": 3,
      "api": "csp_Gitcafe",
      "searchable": 1,
      "quickSearch": 1,
      "filterable": 0,
      "ext": "clan://tvboxhh/0928dcm/txt/al.txt"
    },
    {
      "key": "Upyunso",
      "name": "🌤UP云搜",
      "type": 3,
      "api": "csp_Upyunso",
      "playerType": 1,
      "searchable": 1,
      "quickSearch": 1,
      "filterable": 0,
      "ext": "clan://tvboxhh/0928dcm/txt/al.txt"
    },
    {
      "key": "FindZY",
      "name": "🔍找资源",
      "type": 3,
      "api": "csp_Zhaozy",
      "searchable": 1,
      "quickSearch": 1,
      "filterable": 0,
      "ext": "clan://tvboxhh/0928dcm/txt/al.txt"
    },
    {
      "key": "AliPS",
      "name": "📀盘搜",
      "type": 3,
      "api": "csp_AliPS",
      "searchable": 1,
      "quickSearch": 1,
      "filterable": 0,
      "ext": "clan://tvboxhh/0928dcm/txt/al.txt"
    },
    {
      "key": "csp_Yiso",
      "name": "🎯易搜",
      "type": 3,
      "api": "csp_Yiso",
      "searchable": 1,
      "quickSearch": 1,
      "filterable": 0,
      "ext": "clan://tvboxhh/0928dcm/txt/al.txt"
    },
    {
      "key": "push_agent",
      "name": "📨推送",
      "type": 3,
      "api": "csp_PushAgent",
      "searchable": 1,
      "quickSearch": 1,
      "filterable": 0,
      "ext": "clan://tvboxhh/0928dcm/txt/al.txt"
    },
    {
      "key": "csp_xpath_yinfans",
      "name": "💥音范丝4K",
      "type": 3,
      "api": "csp_XPath",
      "searchable": 1,
      "quickSearch": 1,
      "filterable": 1,
      "ext": "clan://tvboxhh/0928dcm/json/音范丝.json"
    },
    {
      "key": "bdys",
      "name": "🧲哔嘀磁力",
      "type": 3,
      "api": "csp_XPbd",
      "searchable": 1,
      "quickSearch": 1,
      "filterable": 1,
      "ext": "clan://tvboxhh/0928dcm/json/磁力.json"
    },
    {
      "key": "csp_XYQHiker_氢视频",
      "name": "🌑氢视频",
      "type": 3,
      "api": "csp_XYQHiker",
      "searchable": 1,
      "quickSearch": 1,
      "filterable": 1,
      "ext": "clan://tvboxhh/0928dcm/json/氢视频.json"
    },
    {
      "key": "csp_XYQHiker_冷曦影视",
      "name": "❄冷曦影视",
      "type": 3,
      "api": "csp_XYQHiker",
      "searchable": 1,
      "quickSearch": 1,
      "filterable": 1,
      "ext": "clan://tvboxhh/0928dcm/json/冷曦影视.json"
    },
    {
      "key": "csp_biubiu_在线之家",
      "name": "🏠在线之家",
      "type": 3,
      "api": "csp_XBiubiu",
      "searchable": 1,
      "quickSearch": 1,
      "filterable": 1,
      "ext": "clan://tvboxhh/0928dcm/json/在线之家.json"
    },
    {
      "key": "csp_XYQBiu_凌云影视",
      "name": "🍨凌云影视",
      "type": 3,
      "api": "csp_XYQBiu",
      "searchable": 1,
      "quickSearch": 1,
      "filterable": 1,
      "ext": "clan://tvboxhh/0928dcm/json/凌云影视.json"
    },
    {
      "key": "csp_XYQBiu_凌云韩国",
      "name": "🍱凌云韩国",
      "type": 3,
      "api": "csp_XYQBiu",
      "searchable": 1,
      "quickSearch": 1,
      "filterable": 1,
      "ext": "clan://tvboxhh/0928dcm/json/凌云韩国.json"
    },
    {
      "key": "csp_XBiubiu_大米星球",
      "name": "🍚大米星球",
      "type": 3,
      "api": "csp_XBiubiu",
      "searchable": 1,
      "quickSearch": 1,
      "filterable": 1,
      "ext": "clan://tvboxhh/0928dcm/json/大米星球.json"
    },
    {
      "key": "csp_xpath_chinatv",
      "name": "🍜中国电影",
      "type": 3,
      "api": "csp_XPathFilter",
      "searchable": 1,
      "quickSearch": 1,
      "filterable": 1,
      "ext": "clan://tvboxhh/0928dcm/json/中国电影.json"
    },
    {
      "key": "csp_xp_jLgyy",
      "name": "💎蓝光影院",
      "type": 3,
      "api": "csp_XBiubiu",
      "searchable": 1,
      "quickSearch": 1,
      "filterable": 1,
      "ext": "clan://tvboxhh/0928dcm/json/蓝光影院.json"
    },
    {
      "key": "不卡影院",
      "name": "🏅不卡影院",
      "type": 3,
      "api": "csp_XBiubiu",
      "searchable": 1,
      "quickSearch": 1,
      "filterable": 1,
      "ext": "clan://tvboxhh/0928dcm/json/不卡影院.json"
    },
    {
      "key": "干饭影视",
      "name": "🍚干饭影视",
      "type": 3,
      "api": "csp_XBiubiu",
      "searchable": 1,
      "quickSearch": 1,
      "filterable": 1,
      "ext": "clan://tvboxhh/0928dcm/json/干饭影视.json"
    },
    {
      "key": "口袋影院",
      "name": "👝口袋影院",
      "type": 3,
      "api": "csp_XBiubiu",
      "searchable": 1,
      "quickSearch": 1,
      "filterable": 0,
      "ext": "clan://tvboxhh/0928dcm/json/口袋影院.json"
    },
    {
      "key": "比特影视",
      "name": "💰比特影视",
      "type": 3,
      "api": "csp_XPath",
      "searchable": 0,
      "quickSearch": 0,
      "filterable": 0,
      "ext": "clan://tvboxhh/0928dcm/json/比特影视.json"
    },
    {
      "key": "csp_biubiu_yekong",
      "name": "🌃夜空蓝光",
      "type": 3,
      "api": "csp_XBiubiu",
      "searchable": 1,
      "quickSearch": 1,
      "filterable": 0,
      "ext": "clan://tvboxhh/0928dcm/json/夜空蓝光.json"
    },
    {
      "key": "花猫影视",
      "name": "🐱花猫影视",
      "type": 3,
      "api": "csp_XBiubiu",
      "searchable": 1,
      "quickSearch": 1,
      "filterable": 0,
      "ext": "clan://tvboxhh/0928dcm/json/花猫影视.json"
    },
    {
      "key": "利奥影院",
      "name": "🍪利奥影院",
      "type": 3,
      "api": "csp_XPathMacFilter",
      "searchable": 1,
      "quickSearch": 1,
      "filterable": 1,
      "ext": "clan://tvboxhh/0928dcm/json/利奥影院.json"
    },
    {
      "key": "焦炭影视",
      "name": "💣焦炭影视",
      "type": 3,
      "api": "csp_XPathFilter",
      "searchable": 1,
      "quickSearch": 1,
      "filterable": 1,
      "ext": "clan://tvboxhh/0928dcm/json/焦炭影视.json"
    },
    {
      "key": "csp_biubiu_骚火电影",
      "name": "🔥骚火电影",
      "type": 3,
      "api": "csp_XBiubiu",
      "searchable": 1,
      "quickSearch": 1,
      "filterable": 1,
      "ext": "clan://tvboxhh/0928dcm/json/骚火电影.json"
    },
    {
      "key": "csp_biubiu_蓝莓影视",
      "name": "🧁蓝莓影视",
      "type": 3,
      "api": "csp_XBiubiu",
      "searchable": 1,
      "quickSearch": 1,
      "filterable": 1,
      "ext": "clan://tvboxhh/0928dcm/json/蓝莓影视.json"
    },
    {
      "key": "六度影视",
      "name": "🍨六度影视",
      "type": 3,
      "api": "csp_XBiubiu",
      "searchable": 1,
      "quickSearch": 1,
      "filterable": 0,
      "ext": "clan://tvboxhh/0928dcm/json/六度影视.json"
    },
    {
      "key": "csp_biubiu_影视工厂",
      "name": "🎬影视工厂",
      "type": 3,
      "api": "csp_XBiubiu",
      "searchable": 1,
      "quickSearch": 1,
      "filterable": 1,
      "ext": "clan://tvboxhh/0928dcm/json/影视工厂.json"
    },
    {
      "key": "csp_biubiu_555电影",
      "name": "🏅555电影",
      "type": 3,
      "api": "csp_XBiubiu",
      "searchable": 1,
      "quickSearch": 1,
      "filterable": 1,
      "ext": "clan://tvboxhh/0928dcm/json/555电影.json"
    },
    {
      "key": "csp_XBiubiu_UM影视",
      "name": "🦋UM影视",
      "type": 3,
      "api": "csp_XBiubiu",
      "searchable": 1,
      "quickSearch": 1,
      "filterable": 1,
      "ext": "clan://tvboxhh/0928dcm/json/UM影视.json"
    },
    {
      "key": "csp_biubiu_cupfox",
      "name": "🦊茶杯狐",
      "type": 3,
      "api": "csp_XBiubiu",
      "searchable": 1,
      "quickSearch": 1,
      "filterable": 1,
      "ext": "clan://tvboxhh/0928dcm/json/茶杯狐.json"
    },
    {
      "key": "csp_biubiu_dadagui",
      "name": "🐢达达龟",
      "type": 3,
      "api": "csp_XPathFilter",
      "searchable": 1,
      "quickSearch": 1,
      "filterable": 1,
      "ext": "clan://tvboxhh/0928dcm/json/达达龟.json"
    },
    {
      "key": "csp_XBiubiu_饭团HD",
      "name": "🍙饭团HD",
      "type": 3,
      "api": "csp_XBiubiu",
      "searchable": 1,
      "quickSearch": 1,
      "filterable": 1,
      "ext": "clan://tvboxhh/0928dcm/json/饭团HD.json"
    },
    {
      "key": "csp_biubiu_voflix",
      "name": "🌀voflix",
      "type": 3,
      "api": "csp_XBiubiu",
      "searchable": 1,
      "quickSearch": 1,
      "filterable": 1,
      "ext": "clan://tvboxhh/0928dcm/json/voflix.json"
    },
    {
      "key": "csp_XBiubiu_TVB云播",
      "name": "🌤TVB云播",
      "type": 3,
      "api": "csp_XBiubiu",
      "searchable": 1,
      "quickSearch": 1,
      "filterable": 0,
      "ext": "clan://tvboxhh/0928dcm/json/tvb云播.json"
    },
    {
      "key": "LIBVIO",
      "name": "🍲LIBVIO",
      "type": 3,
      "api": "csp_XBiubiu",
      "searchable": 1,
      "quickSearch": 1,
      "filterable": 0,
      "ext": "clan://tvboxhh/0928dcm/json/LIBVIO.json"
    },
    {
      "key": "COKEMV",
      "name": "🥮COKEMV",
      "type": 3,
      "api": "csp_XBiubiu",
      "searchable": 1,
      "quickSearch": 1,
      "filterable": 0,
      "ext": "clan://tvboxhh/0928dcm/json/COKEMV.json"
    },
    {
      "key": "Auete影视",
      "name": "🍬Auete影视",
      "type": 3,
      "api": "csp_XBiubiu",
      "searchable": 1,
      "quickSearch": 1,
      "filterable": 0,
      "ext": "clan://tvboxhh/0928dcm/json/Auete影视.json"
    },
    {
      "key": "csp_XBiubiu哔嘀影视",
      "name": "🍠哔嘀影视",
      "type": 3,
      "api": "csp_XBiubiu",
      "searchable": 1,
      "quickSearch": 1,
      "filterable": 0,
      "ext": "clan://tvboxhh/0928dcm/json/哔嘀影视.json"
    },
    {
      "key": "云播看看",
      "name": "🌨云播看看",
      "type": 3,
      "api": "csp_XPath",
      "searchable": 1,
      "quickSearch": 1,
      "filterable": 0,
      "ext": "clan://tvboxhh/0928dcm/json/云播看看.json"
    },
    {
      "key": "小强影迷",
      "name": "🐲小强影迷",
      "type": 3,
      "api": "csp_XBiubiu",
      "searchable": 1,
      "quickSearch": 1,
      "filterable": 0,
      "ext": "clan://tvboxhh/0928dcm/json/小强影迷.json"
    },
    {
      "key": "人人影视",
      "name": "👫人人影视",
      "type": 3,
      "api": "csp_XBiubiu",
      "searchable": 1,
      "quickSearch": 1,
      "filterable": 0,
      "ext": "clan://tvboxhh/0928dcm/json/人人影视.json"
    },
    {
      "key": "三九影视",
      "name": "🐐三九影视",
      "type": 3,
      "api": "csp_XBiubiu",
      "searchable": 1,
      "quickSearch": 1,
      "filterable": 0,
      "ext": "clan://tvboxhh/0928dcm/json/三九影视.json"
    },
    {
      "key": "csp_XBiubiu_金眼影视",
      "name": "🌟金眼影视",
      "type": 3,
      "api": "csp_XBiubiu",
      "searchable": 1,
      "quickSearch": 1,
      "filterable": 0,
      "ext": "clan://tvboxhh/0928dcm/json/金眼影视.json"
    },
    {
      "key": "csp_XBiubiu_Nike影视",
      "name": "🌹Nike影视",
      "type": 3,
      "api": "csp_XBiubiu",
      "searchable": 1,
      "quickSearch": 1,
      "filterable": 0,
      "ext": "clan://tvboxhh/0928dcm/json/Nike影视.json"
    },
    {
      "key": "csp_XBiubiu_0855",
      "name": "🧳0855影视",
      "type": 3,
      "api": "csp_XBiubiu",
      "searchable": 1,
      "quickSearch": 1,
      "filterable": 0,
      "ext": "clan://tvboxhh/0928dcm/json/0855影视.json"
    },
    {
      "key": "去看动漫",
      "name": "🎊去看动漫",
      "type": 3,
      "api": "csp_XBiubiu",
      "searchable": 1,
      "quickSearch": 1,
      "filterable": 0,
      "ext": "clan://tvboxhh/0928dcm/json/去看动漫.json"
    },
    {
      "key": "动漫直链",
      "name": "🎭动漫直链",
      "type": 3,
      "api": "csp_XPath",
      "searchable": 1,
      "quickSearch": 1,
      "filterable": 0,
      "ext": "clan://tvboxhh/0928dcm/json/动漫直链.json"
    },
    {
      "key": "csp_biubiu_风车动漫",
      "name": "🍭风车动漫",
      "type": 3,
      "api": "csp_XBiubiu",
      "searchable": 1,
      "quickSearch": 1,
      "filterable": 0,
      "ext": "clan://tvboxhh/0928dcm/json/风车动漫.json"
    },
    {
      "key": "csp_xpath___动漫巴士",
      "name": "🤖动漫巴士",
      "type": 3,
      "api": "csp_XPath",
      "searchable": 1,
      "quickSearch": 1,
      "filterable": 0,
      "ext": "clan://tvboxhh/0928dcm/json/动漫巴士.json"
    },
    {
      "key": "csp_biubiu_OmoFun动漫",
      "name": "🧚OmoFun动漫",
      "type": 3,
      "api": "csp_XBiubiu",
      "searchable": 1,
      "quickSearch": 1,
      "filterable": 0,
      "ext": "clan://tvboxhh/0928dcm/json/OmoFun动漫.json"
    },
    {
      "key": "9E03",
      "name": "🎈9E03",
      "type": 3,
      "api": "csp_AppYsV2",
      "searchable": 1,
      "quickSearch": 1,
      "filterable": 1,
      "ext": "https://vod.9e03.com/lvdou_api.php/v1.vod"
    },
    {
      "key": "北雁资源",
      "name": "🦆北雁资源",
      "type": 1,
      "api": "https://zy.beiyan.cc:4433/api.php/provide/vod/",
      "searchable": 1,
      "quickSearch": 1,
      "filterable": 1,
      "playUrl": "",
      "categories": [
        "电影",
        "国产剧",
        "港台剧",
        "日韩剧",
        "欧美剧",
        "综艺",
        "动漫"
      ]
    },
    {
      "key": "小城",
      "name": "小城影视",
      "type": 3,
      "api": "csp_AppYsV2",
      "searchable": 1,
      "quickSearch": 1,
      "filterable": 1,
      "ext": "http://bc.yybox.xyz/api.php/v1.vod"
    },
    {
      "key": "刺猬影视",
      "name": "🦔刺猬影视",
      "type": 3,
      "api": "csp_AppYsV2",
      "searchable": 1,
      "quickSearch": 1,
      "filterable": 1,
      "ext": "http://www.cccvvv.top/api.php/iptv/vod/"
    },
    {
      "key": "多多",
      "name": "🐶多多影视",
      "type": 1,
      "api": "https://www.ddzyz1.com/api.php/provide/vod/",
      "playUrl": "",
      "searchable": 1,
      "quickSearch": 1,
      "filterable": 1,
      "categories": [
        "国产剧",
        "港台剧",
        "日韩剧",
        "欧美剧",
        "综艺",
        "动漫",
        "动作片",
        "喜剧片",
        "爱情片",
        "科幻片",
        "恐怖片",
        "剧情片",
        "战争片"
      ]
    },
    {
      "key": "鑫总资源",
      "name": "☔鑫总资源",
      "type": 3,
      "api": "csp_AppYs",
      "searchable": 0,
      "quickSearch": 0,
      "filterable": 0,
      "ext": "http://app.mmhkj.xyz/lvdou_api.php/v1.vod"
    },
    {
      "key": "QC影视",
      "name": "🤠QC影视",
      "type": 3,
      "api": "csp_AppYs",
      "searchable": 0,
      "quickSearch": 0,
      "filterable": 0,
      "ext": "https://www.qcsvip.com/mogai_api.php/v1.vod"
    },
    {
      "key": "玖卿乐播",
      "name": "🧯玖卿乐播",
      "type": 3,
      "api": "csp_AppYs",
      "searchable": 0,
      "quickSearch": 0,
      "filterable": 0,
      "ext": "https://vod.nqcode.cn/api.php/v1.vod"
    },
    {
      "key": "尘云影视",
      "name": "☁尘云影视",
      "type": 3,
      "api": "csp_AppYs",
      "searchable": 0,
      "quickSearch": 0,
      "filterable": 0,
      "ext": "http://v.i7yc.cn/api.php/v1.vod"
    },
    {
      "key": "万能影院",
      "name": "💳万能影院",
      "type": 3,
      "api": "csp_AppYsV2",
      "searchable": 0,
      "quickSearch": 0,
      "filterable": 0,
      "ext": "http://app.wnvod.net/lvdou_api.php/v1.vod"
    },
    {
      "key": "波比影视",
      "name": "🍠波比影视",
      "type": 1,
      "api": "http://xxhhsc.top/api.php/provide/vod/",
      "searchable": 1,
      "quickSearch": 1
    },
    {
      "key": "多多资源",
      "name": "🍊多多资源",
      "type": 1,
      "api": "https://www.ddzyz1.com/api.php/provide/vod/",
      "searchable": 0,
      "quickSearch": 0
    },
    {
      "key": "多多资源2",
      "name": "🥬多多资源",
      "type": 1,
      "api": "https://a.7dyu.cn/api.php/provide/vod/",
      "searchable": 0,
      "quickSearch": 0
    },
    {
      "key": "每天看看",
      "name": "🍌每天看看",
      "type": 1,
      "api": "http://47.113.126.237:1234/api.php/provide/vod/",
      "searchable": 0,
      "quickSearch": 0
    },
    {
      "key": "木子看剧",
      "name": "🍒木子看剧",
      "type": 1,
      "api": "https://mzkj.maccms.cf/api.php/provide/vod/",
      "searchable": 0,
      "quickSearch": 0
    },
    {
      "key": "考拉资源",
      "name": "🍈考拉资源",
      "type": 1,
      "api": "https://ikaola.tv/api.php/provide/vod/",
      "searchable": 1,
      "quickSearch": 1
    },
    {
      "key": "忆梦资源",
      "name": "🥕忆梦资源",
      "type": 1,
      "api": "http://anltv.cn/api.php/provide/vod/",
      "searchable": 0,
      "quickSearch": 0
    },
    {
      "key": "天堂资源",
      "name": "🌶天堂资源",
      "type": 1,
      "api": "http://vipmv.cc/api.php/provide/vod/",
      "searchable": 0,
      "quickSearch": 0
    },
    {
      "key": "江湖官采",
      "name": "🍳江湖官采",
      "type": 1,
      "api": "http://119.29.1.173/api.php/provide/vod/",
      "searchable": 1,
      "quickSearch": 1
    },
    {
      "key": "土狗360",
      "name": "🥒土狗360",
      "type": 1,
      "api": "http://360.tgzy.cc/api.php/provide/vod/",
      "searchable": 0,
      "quickSearch": 0
    },
    {
      "key": "M3U8资源",
      "name": "🍇M3U8资源",
      "type": 1,
      "api": "https://www.zycaiji.net:7788/api.php/provide/vod/",
      "searchable": 1,
      "quickSearch": 1
    },
    {
      "key": "影图影视",
      "name": "🥪影图影视",
      "type": 1,
      "api": "https://cj.vodimg.top/api.php/provide/vod/",
      "searchable": 0,
      "quickSearch": 0
    },
    {
      "key": "天天影视",
      "name": "🥗天天影视",
      "type": 1,
      "api": "http://tttv.cf/api.php/provide/vod/",
      "searchable": 1,
      "quickSearch": 1
    },
    {
      "key": "盘看影视",
      "name": "🥑盘看影视",
      "type": 1,
      "api": "http://tvcaiji.pankk.cn/api.php/provide/vod/",
      "searchable": 1,
      "quickSearch": 1
    },
    {
      "key": "幻风影视",
      "name": "🥫幻风影视",
      "type": 1,
      "api": "http://vip857.top/api.php/provide/vod/",
      "searchable": 0,
      "quickSearch": 0
    },
    {
      "key": "小鸟动漫",
      "name": "🍚小鸟动漫",
      "type": 1,
      "api": "http://xydm.baicai.buzz/api.php/provide/vod/",
      "searchable": 0,
      "quickSearch": 0
    },
    {
      "key": "铭轩影视",
      "name": "🍧铭轩影视",
      "type": 1,
      "api": "http://lz0716.com/api.php/provide/vod/",
      "searchable": 0,
      "quickSearch": 0
    },
    {
      "key": "海玉影视",
      "name": "🍬海玉影视",
      "type": 1,
      "api": "http://tv2.hykjtv.cn/api.php/provide/vod/",
      "searchable": 0,
      "quickSearch": 0
    },
    {
      "key": "百淘影视",
      "name": "🍨百淘影视",
      "type": 1,
      "api": "http://ys.58g8.com/api.php/provide/vod/",
      "searchable": 0,
      "quickSearch": 0
    },
    {
      "key": "阿里影视",
      "name": "🥤阿里影视",
      "type": 1,
      "api": "http://aliys.cn:90/api.php/provide/vod/",
      "searchable": 0,
      "quickSearch": 0
    },
    {
      "key": "千寻时光",
      "name": "🍱千寻时光",
      "type": 1,
      "api": "http://wy.dqyhg.cn/api.php/provide/vod/",
      "searchable": 0,
      "quickSearch": 0
    },
    {
      "key": "MX影院",
      "name": "🌭MX影院",
      "type": 1,
      "api": "http://49.235.107.145:81/api.php/provide/vod/",
      "searchable": 0,
      "quickSearch": 0
    },
    {
      "key": "MBO影视",
      "name": "🍹MBO影视",
      "type": 0,
      "api": "https://www.mbomovie.com/api.php/provide/vod/at/xml/",
      "searchable": 0,
      "quickSearch": 0
    }
  ],
  "spider": "clan://tvboxhh/0928dcm/0926.jar",
  "wallpaper": "https://www.yydsys.top/api.php",
  "lives": [
    {
      "group": "redirect",
      "channels": [
        {
          "name": "live",
          "urls": [
            "proxy://do=live&type=txt&ext=Y2xhbjovL3R2Ym94aGgvMDkyOGRjbS8zNi50eHQ="
          ]
        }
      ]
    }
  ],
  "parses": [
    {
      "name": "解析聚合",
      "type": 3,
      "url": "Demo"
    },
    {
      "name": "Json并发",
      "type": 2,
      "url": "Parallel"
    },
    {
      "name": "Json轮询",
      "type": 2,
      "url": "Sequence"
    },
    {
      "name": "解析1",
      "type": 1,
      "url": "http://newjiexi.gotka.top/keyu3.php?url=",
      "ext": {
        "flag": [
          "qq",
          "腾讯",
          "qiyi",
          "爱奇艺",
          "奇艺",
          "youku",
          "优酷",
          "mgtv",
          "芒果",
          "letv",
          "乐视",
          "pptv",
          "PPTV",
          "sohu",
          "bilibili",
          "哔哩哔哩",
          "哔哩"
        ],
        "header": {
          "User-Agent": "okhttp/4.1.0"
        }
      }
    },
    {
      "name": "解析2",
      "type": 1,
      "url": "http://newjiexi.gotka.top/keyu3.php?url=",
      "ext": {
        "flag": [
          "qq",
          "腾讯",
          "qiyi",
          "爱奇艺",
          "奇艺",
          "youku",
          "优酷",
          "mgtv",
          "芒果",
          "letv",
          "乐视",
          "pptv",
          "PPTV",
          "sohu",
          "bilibili",
          "哔哩哔哩",
          "哔哩"
        ],
        "header": {
          "User-Agent": "okhttp/4.1.0"
        }
      }
    },
    {
      "name": "解析3",
      "type": 0,
      "url": "https://h5.freejson.xyz/player/?url=",
      "ext": {
        "flag": [
          "qq",
          "腾讯",
          "qiyi",
          "爱奇艺",
          "奇艺",
          "youku",
          "优酷",
          "mgtv",
          "芒果",
          "letv",
          "乐视",
          "pptv",
          "PPTV",
          "sohu",
          "bilibili",
          "哔哩哔哩",
          "哔哩"
        ],
        "header": {
          "User-Agent": "okhttp/4.1.0"
        }
      }
    },
    {
      "name": "解析4",
      "type": 1,
      "url": "https://play.fuqizhishi.com/juhe/API.php?appkey=caijijuhe220902&url="
    },
    {
      "name": "解析5",
      "type": 1,
      "url": "https://play.fuqizhishi.com/jx/API.php?appkey=xiaobaiiiii&url="
    },
    {
      "name": "解析6",
      "type": 1,
      "url": "https://v.2080kk.com/home/api?type=ys&uid=1308653&key=behnpstwxBCHJMQ029&url="
    },
    {
      "name": "解析7",
      "type": 0,
      "url": "https://www.ckplayer.vip/jiexi/?url="
    },
    {
      "name": "解析8",
      "type": 0,
      "url": "https://www.nxflv.com/?url="
    },
    {
      "name": "解析9",
      "type": 0,
      "url": "https://svip.bljiex.cc/?v="
    },
    {
      "name": "解析10",
      "type": 0,
      "url": "http://www.ckmov.vip/api.php?url="
    },
    {
      "name": "解析11",
      "type": 0,
      "url": "https://jx.4kdv.com/?url="
    },
    {
      "name": "解析12",
      "type": 0,
      "url": "https://jx.m3u8.tv/jiexi/?url="
    },
    {
      "name": "解析13",
      "type": 0,
      "url": "https://www.playm3u8.cn/jiexi.php?url="
    },
    {
      "name": "解析14",
      "type": 0,
      "url": "https://okjx.cc/?url="
    },
    {
      "name": "解析15",
      "type": 0,
      "url": "https://www.8090g.cn/?url="
    },
    {
      "name": "解析16",
      "type": 0,
      "url": "https://play.fuqizhishi.com/jx/API.php?appkey=xiaobai888&url="
    },
    {
      "name": "解析17",
      "type": 0,
      "url": "https://jx.xmflv.com/?url="
    },
    {
      "name": "解析18",
      "type": 0,
      "url": "https://jx.bozrc.com:4433/player/?url="
    },
    {
      "name": "解析19",
      "type": 0,
      "url": "https://www.yemu.xyz/?url="
    },
    {
      "name": "解析20",
      "type": 0,
      "url": "https://parse.123mingren.com/?url="
    },
    {
      "name": "解析21",
      "type": 0,
      "url": "http://api.wpsseo.cn/?v="
    },
    {
      "name": "解析22",
      "type": 0,
      "url": "https://go.yh0523.cn/y.cy?url="
    },
    {
      "name": "解析23",
      "type": 0,
      "url": "https://www.pangujiexi.cc/jiexi.php?url="
    },
    {
      "name": "解析24",
      "type": 0,
      "url": "https://jx.iztyy.com/svip/?url="
    }
  ],
  "flags": [
    "youku",
    "qq",
    "iqiyi",
    "qiyi",
    "letv",
    "sohu",
    "tudou",
    "pptv",
    "mgtv",
    "wasu",
    "bilibili",
    "renrenmi"
  ],
  "ijk": [
    {
      "group": "软解码",
      "options": [
        {
          "category": 4,
          "name": "opensles",
          "value": "0"
        },
        {
          "category": 4,
          "name": "overlay-format",
          "value": "842225234"
        },
        {
          "category": 4,
          "name": "framedrop",
          "value": "1"
        },
        {
          "category": 4,
          "name": "soundtouch",
          "value": "1"
        },
        {
          "category": 4,
          "name": "start-on-prepared",
          "value": "1"
        },
        {
          "category": 1,
          "name": "http-detect-range-support",
          "value": "0"
        },
        {
          "category": 1,
          "name": "fflags",
          "value": "fastseek"
        },
        {
          "category": 2,
          "name": "skip_loop_filter",
          "value": "48"
        },
        {
          "category": 4,
          "name": "reconnect",
          "value": "1"
        },
        {
          "category": 4,
          "name": "enable-accurate-seek",
          "value": "0"
        },
        {
          "category": 4,
          "name": "mediacodec",
          "value": "0"
        },
        {
          "category": 4,
          "name": "mediacodec-auto-rotate",
          "value": "0"
        },
        {
          "category": 4,
          "name": "mediacodec-handle-resolution-change",
          "value": "0"
        },
        {
          "category": 4,
          "name": "mediacodec-hevc",
          "value": "0"
        },
        {
          "category": 1,
          "name": "dns_cache_timeout",
          "value": "600000000"
        }
      ]
    },
    {
      "group": "硬解码",
      "options": [
        {
          "category": 4,
          "name": "opensles",
          "value": "0"
        },
        {
          "category": 4,
          "name": "overlay-format",
          "value": "842225234"
        },
        {
          "category": 4,
          "name": "framedrop",
          "value": "1"
        },
        {
          "category": 4,
          "name": "soundtouch",
          "value": "1"
        },
        {
          "category": 4,
          "name": "start-on-prepared",
          "value": "1"
        },
        {
          "category": 1,
          "name": "http-detect-range-support",
          "value": "0"
        },
        {
          "category": 1,
          "name": "fflags",
          "value": "fastseek"
        },
        {
          "category": 2,
          "name": "skip_loop_filter",
          "value": "48"
        },
        {
          "category": 4,
          "name": "reconnect",
          "value": "1"
        },
        {
          "category": 4,
          "name": "enable-accurate-seek",
          "value": "0"
        },
        {
          "category": 4,
          "name": "mediacodec",
          "value": "1"
        },
        {
          "category": 4,
          "name": "mediacodec-auto-rotate",
          "value": "1"
        },
        {
          "category": 4,
          "name": "mediacodec-handle-resolution-change",
          "value": "1"
        },
        {
          "category": 4,
          "name": "mediacodec-hevc",
          "value": "1"
        },
        {
          "category": 1,
          "name": "dns_cache_timeout",
          "value": "600000000"
        }
      ]
    }
  ],
  "ads": [
    "mimg.0c1q0l.cn",
    "www.googletagmanager.com",
    "www.google-analytics.com",
    "mc.usihnbcq.cn",
    "mg.g1mm3d.cn",
    "mscs.svaeuzh.cn",
    "cnzz.hhttm.top",
    "tp.vinuxhome.com",
    "cnzz.mmstat.com",
    "www.baihuillq.com",
    "s23.cnzz.com",
    "z3.cnzz.com",
    "c.cnzz.com",
    "stj.v1vo.top",
    "z12.cnzz.com",
    "img.mosflower.cn",
    "tips.gamevvip.com",
    "ehwe.yhdtns.com",
    "xdn.cqqc3.com",
    "www.jixunkyy.cn",
    "sp.chemacid.cn",
    "hm.baidu.com",
    "s9.cnzz.com",
    "z6.cnzz.com",
    "um.cavuc.com",
    "mav.mavuz.com",
    "wofwk.aoidf3.com",
    "z5.cnzz.com",
    "xc.hubeijieshikj.cn",
    "tj.tianwenhu.com",
    "xg.gars57.cn",
    "k.jinxiuzhilv.com",
    "cdn.bootcss.com",
    "ppl.xunzhuo123.com",
    "xomk.jiangjunmh.top",
    "img.xunzhuo123.com",
    "z1.cnzz.com",
    "s13.cnzz.com",
    "xg.huataisangao.cn",
    "z7.cnzz.com",
    "xg.huataisangao.cn",
    "z2.cnzz.com",
    "s96.cnzz.com",
    "q11.cnzz.com",
    "thy.dacedsfa.cn",
    "xg.whsbpw.cn",
    "s19.cnzz.com",
    "z8.cnzz.com",
    "s4.cnzz.com",
    "f5w.as12df.top",
    "ae01.alicdn.com",
    "www.92424.cn",
    "k.wudejia.com",
    "vivovip.mmszxc.top",
    "qiu.xixiqiu.com",
    "cdnjs.hnfenxun.com",
    "cms.qdwght.com"
  ]
}