{
    "author": "",
    "ua": "",
    "homeUrl": "https://www.xawqxh.net/",
    "dcVipFlag": "true",
    "pCfgJs": "https://www.xawqxh.net/static/js/playerconfig.js",
   "pCfgJsR": "MacPlayerConfig.player_list=([\\w\\W]*?),MacPlayerConfig.downer_list=",
    "dcShow2Vip": {},
    "dcPlayUrl": "true",
    "cateManual": {
        "电影": "1",
        "剧集": "2", 
        "综艺": "3",     
            
        "动漫": "4"
    },
    "homeVodNode": "//div[@class='module-items module-poster-items-base ']/a",
    "homeVodName": "/@title",
    "homeVodId": "/@href",
    "homeVodIdR": "/voddetail/(\\S+).html",
    "homeVodImg": "//div[@class='module-item-pic']/img/@data-original",
    "homeVodImgR": "",
    "homeVodMark": "//div[@class='module-item-note']/text()",
   "cateUrl": "https://www.xawqxh.net/vodshow/{cateId}-{area}-{by}-{class}-----{catePg}---{year}.html",
    "cateVodNode": "//div[@class='module-items module-poster-items-base ']/a",
    "cateVodName": "/@title",
    "cateVodId": "/@href",
    "cateVodIdR": "/voddetail/(\\S+).html",
    "cateVodImg": "//div[@class='module-item-pic']/img/@data-original",
    "cateVodImgR": "",
    "cateVodMark": "//div[@class='module-item-note']/text()",
    "dtUrl": "https://www.xawqxh.net//voddetail/{vid}.html",
        "dtNode": "//div[@class='module module-info']",
    "dtName": "//div[@class='module-info-main']/div[@class='module-info-heading']/h1/text()",
    "dtNameR": "",
    "dtImg": "//div[@class='module-info-poster']//div[@class='module-item-pic']/img/@data-original",
    "dtImgR": "\\S+(http\\S+)",
        "dtCate": "concat(//span[contains(text(),'分类')]/following-sibling::*//text())",
    "dtCateR": "",
    	"dtArea": "concat(//span[contains(text(),'地区')]/following-sibling::*//text())",
	"dtAreaR": "",
    // 视频状态
	"dtMark": "concat(//span[contains(text(),'更新')]/following-sibling::*//text())",
	"dtMarkR": "",
        // 主演
	"dtActor": "concat(//span[contains(text(),'主演')]/following-sibling::*//text())",
	"dtActorR": "",
	"dtDirector": "concat(//span[contains(text(),'导演')]/following-sibling::*//text())",
	"dtDirectorR": "",
    // 视频年份
    "dtYear": "concat(//span[contains(text(),'年份')]/following-sibling::*//text())",
      "dtDesc": "//div[contains(@class,'show-desc')]/p/text()",
    "dtDescR": "",

  // Playlist ========================================================
  
  "dtFromNode": "//div[contains(@class,'module-tab-items')]/div[2]/div/span",
  "dtFromName": "/text()",
  "dtFromNameR": "",
  "dtUrlNode": "//div[@class='module-play-list']",
  "dtUrlSubNode": "/div/a",
  "dtUrlId": "/@href",
  "dtUrlIdR": "/vodplay/(\\S+).html",
  "dtUrlName": "/span/text()",
"dtUrlNameR": "",
    "playUrl": "https://www.xawqxh.net/vodplay/{playUrl}.html",
    "playUa": "Mozilla/5.0 (Windows NT 10.0; Win64; x64) AppleWebKit/537.36 (KHTML, like Gecko) Chrome/98.0.4758.102 Safari/537.36",
  "searchUrl": "https://www.xawqxh.net/index.php/ajax/suggest?mid=1&wd={wd}&limit=10",
  "scVodNode": "json:list",
  "scVodName": "name",
  "scVodId": "id",
  "scVodIdR": "",
  "scVodImg": "pic",
  "scVodMark": "",
      "filter": {
    "1": [
                        {
        "key": "class",
        "name": "类型",
        "value": [
          { "n": "全部", "v": "" },
           { "n": "Netflix", "v": "Netflix" },
          { "n": "古装", "v": "古装" },
          { "n": "战争", "v": "战争" },
          { "n": "爱情", "v": "爱情" },
          { "n": "喜剧", "v": "喜剧" },
          { "n": "科幻", "v": "科幻" },
          { "n": "犯罪", "v": "犯罪" },
          { "n": "动作", "v": "动作" },
          { "n": "奇幻", "v": "奇幻" },
          { "n": "剧情", "v": "剧情" },
          { "n": "历史", "v": "历史" },
          { "n": "悬疑", "v": "悬疑" },
          { "n": "恐怖", "v": "恐怖" },
          { "n": "经典", "v": "经典" },
          { "n": "青春", "v": "青春" },
          { "n": "网络电影", "v": "网络电影" },
          { "n": "冒险", "v": "冒险" },
          { "n": "武侠", "v": "武侠" },
          { "n": "文艺", "v": "文艺" },
          { "n": "运动", "v": "运动" },
          { "n": "儿童", "v": "儿童" }
        ]
      },
      {
        "key": "area",
        "name": "地区",
        "value": [
          { "n": "全部", "v": "" },
          { "n": "大陆", "v": "大陆" },
          { "n": "香港", "v": "香港" },
          { "n": "台湾", "v": "台湾" },
          { "n": "美国", "v": "美国" },
          { "n": "日本", "v": "日本" },
          { "n": "韩国", "v": "韩国" },
          { "n": "英国", "v": "英国" },
          { "n": "法国", "v": "法国" },
          { "n": "德国", "v": "德国" },
          { "n": "印度", "v": "印度" },
          { "n": "泰国", "v": "泰国" },
          { "n": "丹麦", "v": "丹麦" },
          { "n": "瑞典", "v": "瑞典" },
          { "n": "巴西", "v": "巴西" },
          { "n": "加拿大", "v": "加拿大" },
          { "n": "俄罗斯", "v": "俄罗斯" },
          { "n": "意大利", "v": "意大利" },
          { "n": "比利时", "v": "比利时" },
          { "n": "爱尔兰", "v": "爱尔兰" },
          { "n": "西班牙", "v": "西班牙" },
          { "n": "其他", "v": "其他" }
        ]
      },
      {
        "key": "year",
        "name": "年份",
        "value": [
          { "n": "全部", "v": "" },
          { "n": "2022", "v": "2022" },
          { "n": "2021", "v": "2021" },
          { "n": "2020", "v": "2020" },
          { "n": "2019", "v": "2019" },
          { "n": "2018", "v": "2018" },
          { "n": "2017", "v": "2017" },
          { "n": "2016", "v": "2016" },
          { "n": "2015", "v": "2015" },
          { "n": "2014", "v": "2014" },
          { "n": "2013", "v": "2013" },
          { "n": "2012", "v": "2012" },
          { "n": "2011", "v": "2011" },
          { "n": "2010", "v": "2010" },
          { "n": "2009", "v": "2009" },
          { "n": "2008", "v": "2008" },
          { "n": "2007", "v": "2007" },
          { "n": "2006", "v": "2006" },
          { "n": "2005", "v": "2005" },
          { "n": "2004", "v": "2004" },
          { "n": "2003", "v": "2003" },
          { "n": "2002", "v": "2002" },
          { "n": "2001", "v": "2001" },
          { "n": "2000", "v": "2000" }
        ]
      },
      {
        "key": "by",
        "name": "排序",
        "value": [
          { "n": "时间", "v": "time" },
          { "n": "人气", "v": "hits" },
          { "n": "评分", "v": "score" }
        ]
      }
    ],
    "2":[
      {
        "key": "cateId",
        "name": "分类",
        "value": [
          { "n": "全部", "v": "" },
          { "n": "国产剧", "v": "13" },
          { "n": "港台剧", "v": "15" },
          { "n": "日韩剧", "v": "44" },
          { "n": "欧美剧", "v": "45" }

        ]
      },
            {
        "key": "class",
        "name": "类型",
        "value": [
          { "n": "全部", "v": "" },
          { "n": "Netflix", "v": "Netflix" },
          { "n": "古装", "v": "古装" },
          { "n": "战争", "v": "战争" },
         // { "n": "青春偶像", "v": "青春偶像" },
          { "n": "喜剧", "v": "喜剧" },
          { "n": "家庭", "v": "家庭" },
          { "n": "犯罪", "v": "犯罪" },
          { "n": "动作", "v": "动作" },
          { "n": "奇幻", "v": "奇幻" },
          { "n": "剧情", "v": "剧情" },
          { "n": "历史", "v": "历史" },
          { "n": "经典", "v": "经典" },
          { "n": "乡村", "v": "乡村" },
          { "n": "情景", "v": "情景" },
          { "n": "商战", "v": "商战" },
          { "n": "网剧", "v": "网剧" },
          { "n": "其他", "v": "其他" }
        ]
      },

      {
        "key": "area",
        "name": "地区",
        "value": [
          { "n": "全部", "v": "" },
          { "n": "大陆", "v": "大陆" },
          { "n": "香港", "v": "香港" },
          { "n": "台湾", "v": "台湾" },
          { "n": "美国", "v": "美国" },
          { "n": "日本", "v": "日本" },
          { "n": "韩国", "v": "韩国" },
          { "n": "英国", "v": "英国" },
          { "n": "法国", "v": "法国" },
          { "n": "德国", "v": "德国" },
          { "n": "印度", "v": "印度" },
          { "n": "泰国", "v": "泰国" },
          { "n": "丹麦", "v": "丹麦" },
          { "n": "瑞典", "v": "瑞典" },
          { "n": "巴西", "v": "巴西" },
          { "n": "加拿大", "v": "加拿大" },
          { "n": "俄罗斯", "v": "俄罗斯" },
          { "n": "意大利", "v": "意大利" },
          { "n": "比利时", "v": "比利时" },
          { "n": "爱尔兰", "v": "爱尔兰" },
          { "n": "西班牙", "v": "西班牙" },
          { "n": "其他", "v": "其他" }
        ]
      },
      {
        "key": "year",
        "name": "年份",
        "value": [
          { "n": "全部", "v": "" },
          { "n": "2022", "v": "2022" },
          { "n": "2021", "v": "2021" },
          { "n": "2020", "v": "2020" },
          { "n": "2019", "v": "2019" },
          { "n": "2018", "v": "2018" },
          { "n": "2017", "v": "2017" },
          { "n": "2016", "v": "2016" },
          { "n": "2015", "v": "2015" },
          { "n": "2014", "v": "2014" },
          { "n": "2013", "v": "2013" },
          { "n": "2012", "v": "2012" },
          { "n": "2011", "v": "2011" },
          { "n": "2010", "v": "2010" },
          { "n": "2009", "v": "2009" },
          { "n": "2008", "v": "2008" },
          { "n": "2007", "v": "2007" },
          { "n": "2006", "v": "2006" },
          { "n": "2005", "v": "2005" },
          { "n": "2004", "v": "2004" },
          { "n": "2003", "v": "2003" },
          { "n": "2002", "v": "2002" },
          { "n": "2001", "v": "2001" },
          { "n": "2000", "v": "2000" }
        ]
      },
      {
        "key": "by",
        "name": "排序",
        "value": [
          { "n": "时间", "v": "time" },
          { "n": "人气", "v": "hits" },
          { "n": "评分", "v": "score" }
        ]
      }
    ],
    
        "3":[
      {
        "key": "area",
        "name": "地区",
        "value": [
          { "n": "全部", "v": "" },
          { "n": "大陆", "v": "大陆" },
           { "n": "大陆", "v": "大陆" },
           { "n": "香港", "v": "香港" },          
           { "n": "台湾", "v": "台湾" },
          { "n": "日本", "v": "日本" },
          { "n": "美国", "v": "美国" },
          { "n": "其他", "v": "其他" }
        ]
      },
      {
        "key": "year",
        "name": "年份",
        "value": [
          { "n": "全部", "v": "" },
          { "n": "2022", "v": "2022" },
          { "n": "2021", "v": "2021" },
          { "n": "2020", "v": "2020" },
          { "n": "2019", "v": "2019" },
          { "n": "2018", "v": "2018" },
          { "n": "2017", "v": "2017" },
          { "n": "2016", "v": "2016" },
          { "n": "2015", "v": "2015" },
          { "n": "2014", "v": "2014" },
          { "n": "2013", "v": "2013" },
          { "n": "2012", "v": "2012" },
          { "n": "2011", "v": "2011" },
          { "n": "2010", "v": "2010" },
          { "n": "2009", "v": "2009" },
          { "n": "2008", "v": "2008" },
          { "n": "2007", "v": "2007" },
          { "n": "2006", "v": "2006" },
          { "n": "2005", "v": "2005" },
          { "n": "2004", "v": "2004" },
          { "n": "2003", "v": "2003" },
          { "n": "2002", "v": "2002" },
          { "n": "2001", "v": "2001" },
          { "n": "2000", "v": "2000" }
        ]
      },
      {
        "key": "by",
        "name": "排序",
        "value": [
          { "n": "时间", "v": "time" },
          { "n": "人气", "v": "hits" },
          { "n": "评分", "v": "score" }
        ]
      }
    ],
        "4":[
      {
        "key": "class",
        "name": "类型",
        "value": [
          { "n": "全部", "v": "" },
          { "n": "国产", "v": "国产" },
          { "n": "日本", "v": "日本" }
        ]
      },
      {
        "key": "year",
        "name": "年份",
        "value": [
          { "n": "全部", "v": "" },
          { "n": "2022", "v": "2022" },
          { "n": "2021", "v": "2021" },
          { "n": "2020", "v": "2020" },
          { "n": "2019", "v": "2019" },
          { "n": "2018", "v": "2018" },
          { "n": "2017", "v": "2017" },
          { "n": "2016", "v": "2016" },
          { "n": "2015", "v": "2015" },
          { "n": "2014", "v": "2014" },
          { "n": "2013", "v": "2013" },
          { "n": "2012", "v": "2012" },
          { "n": "2011", "v": "2011" },
          { "n": "2010", "v": "2010" },
          { "n": "2009", "v": "2009" },
          { "n": "2008", "v": "2008" },
          { "n": "2007", "v": "2007" },
          { "n": "2006", "v": "2006" },
          { "n": "2005", "v": "2005" },
          { "n": "2004", "v": "2004" },
          { "n": "2003", "v": "2003" },
          { "n": "2002", "v": "2002" },
          { "n": "2001", "v": "2001" },
          { "n": "2000", "v": "2000" }
        ]
      },
      {
        "key": "by",
        "name": "排序",
        "value": [
          { "n": "时间", "v": "time" },
          { "n": "人气", "v": "hits" },
          { "n": "评分", "v": "score" }
        ]
      }
    ]
}
  
}