{
  "🔮嗨翻":"https://pan.hikerfans.com",
  "🦀9T(Adult)":"https://drive.9t.ee",
  "🐱梓澪の妙妙屋":"https://xn--i0v44m.xyz",
  "🚆资源小站":"https://pan.142856.xyz",
  "🌤晴园的宝藏库":"https://alist.52qy.repl.co",
  "🐭米奇妙妙屋":"https://anime.mqmmw.ga",
  "💂小兵组网盘影视":"https://6vv.app",
  "📀小光盘":"https://alist.xiaoguanxiaocheng.life",
  "🐋一只鱼":"https://alist.youte.ml",
  "🌊七米蓝":"https://al.chirmyram.com", 
  "🌴非盘":"http://www.feifwp.top",
  "🥼帅盘":"https://hi.shuaipeng.wang",
  "🐉神族九帝":"https://alist.shenzjd.com",
  "☃姬路白雪":"https://pan.jlbx.xyz",
  "🎧听闻网盘":"https://wangpan.sangxuesheng.com"
}
