{
    "title": "虎牙直播",
    "author": "香雅情",
    "UserAgent":"",
    "firstpage": "1",
    "class_url": "https://live.cdn.huya.com/liveHttpUI/getLiveList?iGid={cateId}&iPageNo={catePg}&iPageSize=120",
    "class_name": "王者荣耀&英雄联盟&星秀&天天吃鸡&穿越火线&主机游戏&二次元&交友&一起看",
    "class_value": "2336&1&1663&2793&4&1964&2633&4079&2135",
    "filterdata":{},
    "cat_YN_twice": "1",
    "cat_twice_pre": "vList\": \\[",
    "cat_twice_suf": "\"iPageNo",
    "cat_arr_pre": "\\{",
    "cat_arr_suf": "\\}",
    "cat_pic": "sScreenshot\": \"&&\"",
    "cat_title": "sRoomName\": \"&&\"",
    "cat_subtitle": "sNick\": \"&&\"",
    "cat_url": "lProfileRoom\": &&,",
    "cat_prefix": "",
    "cat_suffix": "",
    "search_url": "",
    "search_mode": "0",
    "jsonpic": "pic",
    "jsonname": "name",
    "jsonid": "id",
    "jsonstitle":"",
    "sea_YN_twice": "",
    "sea_twice_pre": "",
    "sea_twice_suf": "",
    "sea_arr_pre": "",
    "sea_arr_suf": "",
    "sea_pic": "",
    "sea_title": "",
    "sea_url": "",
    "search_prefix": "",
    "search_suffix": "",
    "sea_subtitle": "",
    "force_play": "1",
    "play_prefix": "https://live.52sf.ga/huya/",
    "play_suffix": "#isVideo=true#",
    "play_header": "空",
    "proj_actor": "空",
    "proj_plot": "",
    "tab_YN_twice": "0",
    "tab_twice_pre": "",
    "tab_twice_suf": "",
    "tab_arr_pre": "",
    "tab_arr_suf": "",
    "tab_title": "",
    "list_YN_twice": "0",
    "list_twice_pre": "空",
    "list_twice_suf": "空",
    "list_arr_pre": "",
    "list_arr_suf": "",
    "epi_YN_twice": "0",
    "epi_twice_pre": "空",
    "epi_twice_suf": "空",
    "epi_arr_pre": "",
    "epi_arr_suf": "",
    "epi_title": "",
    "epi_url": "",
    "epiurl_prefix": "",
    "epiurl_suffix": ""
    
}
