{
  "name": "厂长资源-蓝光",
  "url": "https://qianoo.cn",
  "tihuan": "aliyundrive",
  "User": "空",
  "shouye": "1",
  "fenlei": "本月热门$/benyueremen/page/#高分影视$/gaofenyingshi/page/#豆瓣电影TOP250$/dbtop250/page/#最新电影$/zuixindianying/page/#电视剧$/dsj/page/#国产剧$/gcj/page/#美剧$/meijutt/page/#韩剧$/hanjutv/page/#日剧$/movie_bt_series/rj/page/#海外剧$/movie_bt_series/hwj/page/#番剧$/fanju/page/#动漫$/dm/page/#韩国电影$/movie_bt_series/hanguodianying/page/#纪录片$/movie_bt/movie_bt_tags/jlpp/page/",
  "houzhui": "",
  "shifouercijiequ": "0",
  "jiequqian": "空",
  "jiequhou": "空",
  "jiequshuzuqian": "<li>",
  "jiequshuzuhou": "</li>",
  "tupianqian": "original=\"",
  "tupianhou": "\"",
  "biaotiqian": "alt=\"",
  "biaotihou": "\"",
  "lianjieqian": "qianoo.cn",
  "lianjiehou": "\"",

  //新版Biubiu参数：副标题 (不需要的话，就不填写或者删除副标题2个字段也可以。)
  "fubiaotiqian": "span>",
  "fubiaotihou": "</span",

  "sousuoqian": "/xssearch?q=",
  "sousuohou": "&limit=500",
  "sousuohouzhui": "/movie/",
  "ssmoshi": "1",
  "sousuoshifouercijiequ": "0",
  "jspic": "pic",
  "jsname": "name",
  "jsid": "id",
  "ssjiequqian": "空",
  "ssjiequhou": "空",
  "ssjiequshuzuqian": "<li>",
  "ssjiequshuzuhou": "</span>",
  "sstupianqian": "original=\"",
  "sstupianhou": "\"",
  "ssbiaotiqian": "alt=\"",
  "ssbiaotihou": "\"",
  "sslianjieqian": "qianoo.cn",
  "sslianjiehou": "\"",
  "bfshifouercijiequ": "0",
  "bfjiequqian": "空",
  "bfjiequhou": "空",
  "bfjiequshuzuqian": "class=\"paly_list",
  "bfjiequshuzuhou": "</div>",
  "zhuangtaiqian": "上映：<span>",
  "zhuangtaihou": "</span>",
  "daoyanqian": "<li>导演：",
  "daoyanhou": "</li>",
  "zhuyanqian": "<li>主演：",
  "zhuyanhou": "</li>",
  "juqingqian": "class=\"yp_context\">",
  "juqinghou": "</div>",
  "bfyshifouercijiequ": "0",
  "bfyjiequqian": "空",
  "bfyjiequhou": "空",
  "bfyjiequshuzuqian": "<a",
  "bfyjiequshuzuhou": "/a>",
  "bfbiaotiqian": ">",
  "bfbiaotihou": "<",
  "bflianjieqian": "qianoo.cn",
  "bflianjiehou": "\""
}