{
  "author": "wanjune",
  "ua": "Mozilla/5.0 (Macintosh; Intel Mac OS X 10_15_7) AppleWebKit/537.36 (KHTML, like Gecko) Chrome/103.0.5060.134 Safari/537.36",
  "homeUrl": "https://yanetflix.com",
  "dcVipFlag": "true",
  "pCfgJs": "https://yanetflix.com/static/js/playerconfig.js",
  "pCfgJsR": "[\\W|\\S|.]*?MacPlayerConfig.player_list[\\W|\\S|.]*?=([\\W|\\S|.]*?),MacPlayerConfig.downer_list",
  "dcShow2Vip": {},
  "dcPlayUrl": "true",
  "cateManual": {"动漫":"dongman","综艺":"zongyi","剧集":"lianxuju","+国产":"guochanju","+日韩":"rihanju","+欧美":"oumeiju","+港台":"gangtaiju","+泰国":"taiguoju","+海外":"haiwaiju","电影":"dianying"},
  "homeVodNode": "//div[@class='module-heading' and .//h2[contains(text(),'正在热映')]]/following-sibling::div[1]//a",
  "homeVodName": "/@title",
  "homeVodNameR": "",
  "homeVodId": "/@href",
  "homeVodIdR": "/voddetail/(\\w+).html",
  "homeVodImg": "//img/@data-original",
  "homeVodImgR": "(http\\S+)",
  "homeVodMark": "//div[@class='module-item-note']/text()",
  "homeVodMarkR": "",
  "cateUrl": "https://yanetflix.com/vodshow/{cateId}-{area}-{by}------{catePg}---{year}.html",
  "cateVodNode": "//div[@class='module-items module-poster-items-base ']/a",
  "cateVodName": "/@title",
  "cateVodId": "//@href",
  "cateVodIdR": "/voddetail/(\\w+).html",
  "cateVodImg": "//img/@data-original",
  "cateVodImgR": "(http\\S+)",
  "cateVodMark": "//div[@class='module-item-note']/text()",
  "dtUrl": "https://yanetflix.com/voddetail/{vid}.html",
  "dtNode": "//body",
  "dtName": "//div[contains(@class,'module-info-heading')]/h1/text()",
  "dtNameR": "",
  "dtImg": "//div[@class='module-info-poster']//div[@class='module-item-pic']/img/@data-original",
  "dtImgR": "(http\\S+)",
  "dtCate": "//div[@class='module-info-tag-link'][3]/a/text()",
  "dtCateR": "",
  "dtYear": "//div[@class='module-info-tag-link'][1]/a/text()",
  "dtArea":"//div[@class='module-info-tag-link'][2]/a/text()",
  "dtAreaR": "",
  "dtDesc": "//div[@class='module-info-introduction-content']/p/text()",
  "dtDescR": "",
  "dtActor": "//span[contains(text(), '主演')]/parent::*/div/a/text()",
  "dtActorR": "",
  "dtDirector": "//span[contains(text(), '导演')]/parent::*/div/a/text()",
  "dtDirectorR": "",
  "dtFromNode": "//div[contains(@class,'module-tab-items')]/div[@id='y-playList']/div/span",
  "dtFromName": "/text()",
  "dtFromNameR": "",
  "dtUrlNode": "//div[contains(@class,'module-play-list')]/div[contains(@class,'module-play-list-content')]",
  "dtUrlSubNode": "/a",
  "dtUrlId": "/@href",
  "dtUrlIdR": "/vodplay/(\\S+).html",
  "dtUrlName": "/span/text()",
  "dtUrlNameR": "",
  "playUrl": "https://yanetflix.com/vodplay/{playUrl}.html",
  "playUa": "",
  "searchUrl": "https://yanetflix.com/vodsearch/-------------.html?wd={wd}",
  "scVodNode": "//div[@class='module-card-item module-item']",
  "scVodName": "//img/@alt",
  "scVodId": "/a/@href",
  "scVodIdR": "/voddetail/(\\w+).html",
  "scVodImg": "//img/@data-original",
  "scVodImgR": "(http\\S+)",
  "scVodMark": "//div[@class='module-item-note']/text()",
  "filter": {
    "dianying": [
      {"key":"cateId","name":"类型","value":[{"n":"全部","v":"dianying"},
        {"n":"动作","v":"dongzuopian"},
        {"n":"喜剧","v":"xijupian"},
        {"n":"爱情","v":"aiqingpian"},
        {"n":"科幻","v":"kehuanpian"},
        {"n":"恐怖","v":"kongbupian"},
        {"n":"剧情","v":"juqingpian"},
        {"n":"战争","v":"zhanzhengpian"},
        {"n":"悬疑","v":"xuanyipian"},
        {"n":"冒险","v":"maoxianpian"},
        {"n":"犯罪","v":"fanzuipian"},
        {"n":"奇幻","v":"qihuanpian"},
        {"n":"惊悚","v":"jingsongpian"},
        {"n":"纪录","v":"jilupian"},
        {"n":"灾难","v":"zainanpian"},
        {"n":"古装","v":"guzhuangpian"},
        {"n":"动画","v":"donghuapian"}
      ]},
      {"key":"area","name":"地区","value":[{"n":"全部","v":""},
        {"n":"大陆","v":"大陆"},
        {"n":"香港","v":"香港"},
        {"n":"台湾","v":"台湾"},
        {"n":"美国","v":"美国"},
        {"n":"韩国","v":"韩国"},
        {"n":"日本","v":"日本"},
        {"n":"泰国","v":"泰国"},
        {"n":"新加坡","v":"新加坡"},
        {"n":"马来西亚","v":"马来西亚"},
        {"n":"印度","v":"印度"},
        {"n":"英国","v":"英国"},
        {"n":"法国","v":"法国"},
        {"n":"德国","v":"德国"},
        {"n":"加拿大","v":"加拿大"},
        {"n":"西班牙","v":"西班牙"},
        {"n":"俄罗斯","v":"俄罗斯"},
        {"n":"其它","v":"其它"}
      ]},
      {"key":"year","name":"年份","value": [{"n":"全部","v":""},
        {"n":"2022","v":"2022"},{"n":"2021","v":"2021"},{"n":"2020","v":"2020"},{"n":"2019","v":"2019"},
        {"n":"2018","v":"2018"},{"n":"2017","v":"2017"},{"n":"2016","v":"2016"},{"n":"2015","v":"2015"},
        {"n":"2014","v":"2014"},{"n":"2013","v":"2013"},{"n":"2012","v":"2012"},{"n":"2011","v":"2011"}
      ]},
      {"key":"by","name":"排序","value":[{"n":"全部","v":""},{"n":"时间","v":"time"},{"n":"人气","v":"hits"},{"n":"评分","v":"score"}]}
    ],
    "lianxuju": [
      {"key":"cateId","name":"类型","value":[{"n":"全部","v":"lianxuju"},
        {"n":"国产","v":"guochanju"},
        {"n":"日韩","v":"rihanju"},
        {"n":"欧美","v":"oumeiju"},
        {"n":"港台","v":"gangtaiju"},
        {"n":"泰国","v":"taiguoju"},
        {"n":"海外","v":"haiwaiju"}
      ]},
      {"key":"year","name":"年份","value": [{"n":"全部","v":""},
        {"n":"2022","v":"2022"},{"n":"2021","v":"2021"},{"n":"2020","v":"2020"},{"n":"2019","v":"2019"},
        {"n":"2018","v":"2018"},{"n":"2017","v":"2017"},{"n":"2016","v":"2016"},{"n":"2015","v":"2015"},
        {"n":"2014","v":"2014"},{"n":"2013","v":"2013"},{"n":"2012","v":"2012"},{"n":"2011","v":"2011"}
      ]},
      {"key":"by","name":"排序","value":[{"n":"全部","v":""},{"n":"时间","v":"time"},{"n":"人气","v":"hits"},{"n":"评分","v":"score"}]}
    ],
    "zongyi": [
      {"key":"area","name":"地区","value":[{"n":"全部","v":""},
        {"n":"大陆","v":"内地"},
        {"n":"日韩","v":"日韩"},
        {"n":"欧美","v":"欧美"},
        {"n":"港台","v":"港台"}
      ]},
      {"key":"year","name":"年份","value": [{"n":"全部","v":""},
        {"n":"2022","v":"2022"},{"n":"2021","v":"2021"},{"n":"2020","v":"2020"},{"n":"2019","v":"2019"},
        {"n":"2018","v":"2018"},{"n":"2017","v":"2017"},{"n":"2016","v":"2016"},{"n":"2015","v":"2015"},
        {"n":"2014","v":"2014"},{"n":"2013","v":"2013"},{"n":"2012","v":"2012"},{"n":"2011","v":"2011"}
      ]},
      {"key":"by","name":"排序","value":[{"n":"全部","v":""},{"n":"时间","v":"time"},{"n":"人气","v":"hits"},{"n":"评分","v":"score"}]}
    ],
    "dongman": [
      {"key":"area","name":"地区","value":[{"n":"全部","v":""},
        {"n":"大陆","v":"国产"},
        {"n":"日本","v":"日本"},
        {"n":"欧美","v":"欧美"},
        {"n":"其他","v":"其他"}
      ]},
      {"key":"year","name":"年份","value": [{"n":"全部","v":""},
        {"n":"2022","v":"2022"},{"n":"2021","v":"2021"},{"n":"2020","v":"2020"},{"n":"2019","v":"2019"},
        {"n":"2018","v":"2018"},{"n":"2017","v":"2017"},{"n":"2016","v":"2016"},{"n":"2015","v":"2015"},
        {"n":"2014","v":"2014"},{"n":"2013","v":"2013"},{"n":"2012","v":"2012"},{"n":"2011","v":"2011"}
      ]},
      {"key":"by","name":"排序","value":[{"n":"全部","v":""},{"n":"时间","v":"time"},{"n":"人气","v":"hits"},{"n":"评分","v":"score"}]}
    ],
    "guochanju": [
      {"key":"year","name":"年份","value": [{"n":"全部","v":""},
        {"n":"2022","v":"2022"},{"n":"2021","v":"2021"},{"n":"2020","v":"2020"},{"n":"2019","v":"2019"},
        {"n":"2018","v":"2018"},{"n":"2017","v":"2017"},{"n":"2016","v":"2016"},{"n":"2015","v":"2015"},
        {"n":"2014","v":"2014"},{"n":"2013","v":"2013"},{"n":"2012","v":"2012"},{"n":"2011","v":"2011"}
      ]},
      {"key":"by","name":"排序","value":[{"n":"全部","v":""},{"n":"时间","v":"time"},{"n":"人气","v":"hits"},{"n":"评分","v":"score"}]}
    ],
    "rihanju": [
      {"key":"year","name":"年份","value": [{"n":"全部","v":""},
        {"n":"2022","v":"2022"},{"n":"2021","v":"2021"},{"n":"2020","v":"2020"},{"n":"2019","v":"2019"},
        {"n":"2018","v":"2018"},{"n":"2017","v":"2017"},{"n":"2016","v":"2016"},{"n":"2015","v":"2015"},
        {"n":"2014","v":"2014"},{"n":"2013","v":"2013"},{"n":"2012","v":"2012"},{"n":"2011","v":"2011"}
      ]},
      {"key":"by","name":"排序","value":[{"n":"全部","v":""},{"n":"时间","v":"time"},{"n":"人气","v":"hits"},{"n":"评分","v":"score"}]}
    ],
    "oumeiju": [
      {"key":"year","name":"年份","value": [{"n":"全部","v":""},
        {"n":"2022","v":"2022"},{"n":"2021","v":"2021"},{"n":"2020","v":"2020"},{"n":"2019","v":"2019"},
        {"n":"2018","v":"2018"},{"n":"2017","v":"2017"},{"n":"2016","v":"2016"},{"n":"2015","v":"2015"},
        {"n":"2014","v":"2014"},{"n":"2013","v":"2013"},{"n":"2012","v":"2012"},{"n":"2011","v":"2011"}
      ]},
      {"key":"by","name":"排序","value":[{"n":"全部","v":""},{"n":"时间","v":"time"},{"n":"人气","v":"hits"},{"n":"评分","v":"score"}]}
    ],
    "gangtaiju": [
      {"key":"year","name":"年份","value": [{"n":"全部","v":""},
        {"n":"2022","v":"2022"},{"n":"2021","v":"2021"},{"n":"2020","v":"2020"},{"n":"2019","v":"2019"},
        {"n":"2018","v":"2018"},{"n":"2017","v":"2017"},{"n":"2016","v":"2016"},{"n":"2015","v":"2015"},
        {"n":"2014","v":"2014"},{"n":"2013","v":"2013"},{"n":"2012","v":"2012"},{"n":"2011","v":"2011"}
      ]},
      {"key":"by","name":"排序","value":[{"n":"全部","v":""},{"n":"时间","v":"time"},{"n":"人气","v":"hits"},{"n":"评分","v":"score"}]}
    ],
    "taiguoju": [
      {"key":"year","name":"年份","value": [{"n":"全部","v":""},
        {"n":"2022","v":"2022"},{"n":"2021","v":"2021"},{"n":"2020","v":"2020"},{"n":"2019","v":"2019"},
        {"n":"2018","v":"2018"},{"n":"2017","v":"2017"},{"n":"2016","v":"2016"},{"n":"2015","v":"2015"},
        {"n":"2014","v":"2014"},{"n":"2013","v":"2013"},{"n":"2012","v":"2012"},{"n":"2011","v":"2011"}
      ]},
      {"key":"by","name":"排序","value":[{"n":"全部","v":""},{"n":"时间","v":"time"},{"n":"人气","v":"hits"},{"n":"评分","v":"score"}]}
    ],
    "haiwaiju": [
      {"key":"year","name":"年份","value": [{"n":"全部","v":""},
        {"n":"2022","v":"2022"},{"n":"2021","v":"2021"},{"n":"2020","v":"2020"},{"n":"2019","v":"2019"},
        {"n":"2018","v":"2018"},{"n":"2017","v":"2017"},{"n":"2016","v":"2016"},{"n":"2015","v":"2015"},
        {"n":"2014","v":"2014"},{"n":"2013","v":"2013"},{"n":"2012","v":"2012"},{"n":"2011","v":"2011"}
      ]},
      {"key":"by","name":"排序","value":[{"n":"全部","v":""},{"n":"时间","v":"time"},{"n":"人气","v":"hits"},{"n":"评分","v":"score"}]}
    ]
  }
}