{
  "🐱梓澪の妙妙屋":"https://xn--i0v44m.xyz",
  "🚆资源小站":"https://pan.142856.xyz",
  "🌤晴园的宝藏库":"https://alist.52qy.repl.co",
  "🐭米奇妙妙屋":"https://anime.mqmmw.ga",
  "💂小兵组网盘影视":"https://6vv.app",
  "🐋一只鱼":"https://alist.youte.ml",
  "🥼帅盘":"https://hi.shuaipeng.wang",
  "🐉神族九帝":"https://alist.shenzjd.com",
  "☃姬路白雪":"https://pan.jlbx.xyz",
  "🎧听闻网盘":"https://wangpan.sangxuesheng.com",
  "💾DISK":"http://124.222.140.243:8080",
  "🌨云播放":"https://quanzi.laoxianghuijia.cn",
  "✨星梦":"https://pan.bashroot.top",
  "🌊小江":"https://dyj.me",
  "💫触光":"https://pan.ichuguang.com",
  "🕵好汉吧":"https://8023.haohanba.cn",
  "🎡资源小站":"https://960303.xyz/",
  "🎢轻弹浅唱":"https://g.xiang.lol"
}
