{
  "name": "蓝莓影视",
  "url": "https://lanmeiguojiang.com",
  "User": "空",
  "shouye": "1",

  //"fenlei": "电影$/ys/index.php/vod/type/id/20/page/#电视剧$/vodshow/2--------#综艺$/vodshow/3--------#动漫$/vodshow/4--------#抖音电影$/vodshow/5--------#国产剧$/vodshow/13--------#港台剧$/vodshow/14--------#日韩剧$/vodshow/15--------#欧美剧$/vodshow/16--------#动作片$/vodshow/6--------#喜剧片$/vodshow/7--------#爱情片$/vodshow/8--------#科幻片$/vodshow/9--------#恐怖片$/vodshow/10--------#剧情片$/vodshow/11--------#战争片$/vodshow/12--------#犯罪片$/vodshow/23--------",
  "fenlei": "电影$/show/1--------#剧集$/show/2--------#综艺$/show/4--------#动漫$/show/3--------#4K剧集$/show/24--------#4K电影$/show/25--------#国产剧$/show/13--------#欧美剧$/show/14--------#港台剧$/show/15--------#日韩剧$/show/16--------#网剧$/show/20--------#动作片$/show/6--------#喜剧片$/show/7--------#爱情片$/show/8--------#科幻片$/show/9--------#恐怖片$/show/10--------#剧情片$/show/11--------#战争片$/show/12--------",
  "houzhui": "---.html",

  "shifouercijiequ": "1",
  "jiequqian": "class=\"module-items",
  "jiequhou": "class=\"fixedGroup",
  "jiequshuzuqian": "<a",
  "jiequshuzuhou": "alt=\"",
  "tupianqian": "data-original=\"",
  "tupianhou": "\"",
  "biaotiqian": "title=\"",
  "biaotihou": "\"",
  "lianjieqian": "href=\"",
  "lianjiehou": "\"",

  //新版Biubiu参数：副标题 (不需要的话，就不填写或者删除副标题2个字段也可以。)
  "fubiaotiqian": "item-note\">",
  "fubiaotihou": "</div>",

  "sousuoqian": "/index.php/ajax/suggest?mid=1&wd=",
  "sousuohou": "&limit=500",
  "sousuohouzhui": "/vod/",
  "ssmoshi": "0",
  "sousuoshifouercijiequ": "0",
  "jspic": "pic",
  "jsname": "name",
  "jsid": "id",
  "ssjiequqian": "空",
  "ssjiequhou": "空",
  "ssjiequshuzuqian": "空",
  "ssjiequshuzuhou": "空",
  "sstupianqian": "空",
  "sstupianhou": "空",
  "ssbiaotiqian": "空",
  "ssbiaotihou": "空",
  "sslianjieqian": "空",
  "sslianjiehou": "空",

  "bfshifouercijiequ": "0",
  "bfjiequqian": "空",
  "bfjiequhou": "空",
  "bfjiequshuzuqian": "class=\"module-play-list-content",
  "bfjiequshuzuhou": "</div>",

  "zhuangtaiqian": "更新：</span>",
  "zhuangtaihou": "</div>",
  "daoyanqian": "导演：</span>",
  "daoyanhou": "</div>",
  "zhuyanqian": "主演：</span>",
  "zhuyanhou": "</div>",
  "juqingqian": "<p>",
  "juqinghou": "</p>",

  "bfyshifouercijiequ": "0",
  "bfyjiequqian": "空",
  "bfyjiequhou": "空",
  "bfyjiequshuzuqian": "<a",
  "bfyjiequshuzuhou": "/a>",
  "bfbiaotiqian": "span>",
  "bfbiaotihou": "</span",
  "bflianjieqian": "href=\"",
  "bflianjiehou": "\""
}