{"author": "张弘20220731","name":"voflix","url":"https://www.voflix.com/","User":"空","shouye":"1","fenlei":"电影$/show/1-----------#国产剧$/show/13-----------#电视剧$/show/2-----------#综艺$/show/3-----------#动画$/show/4-----------","houzhui":".html","shifouercijiequ":"1","jiequqian":"module-page","jiequhou":"class=\"fixedGroup","jiequshuzuqian":"<a","jiequshuzuhou":"no-referrer","tupianqian":"original=\"","tupianhou":"\"","biaotiqian":"title=\"","biaotihou":"\"","lianjieqian":"href=\"","lianjiehou":"\"","sousuoqian":"/index.php/ajax/suggest?mid=1&wd=","sousuohou":"&limit=500","sousuohouzhui":"/detail/","ssmoshi":"0","sousuoshifouercijiequ":"0","jspic":"pic","jsname":"name","jsid":"id","ssjiequqian":"空","ssjiequhou":"空","ssjiequshuzuqian":"空","ssjiequshuzuhou":"空","sstupianqian":"空","sstupianhou":"空","ssbiaotiqian":"空","ssbiaotihou":"空","sslianjieqian":"空","sslianjiehou":"空","bfshifouercijiequ":"0","bfjiequqian":"空","bfjiequhou":"空","zhuangtaiqian":"更新：","zhuangtaihou":"</div>","daoyanqian":"导演：","daoyanhou":"</div>","zhuyanqian":"主演：","zhuyanhou":"</div>","juqingqian":"简介：","juqinghou":"/div>","bfjiequshuzuqian":"class=\"module-list","bfjiequshuzuhou":"</div>","bfyshifouercijiequ":"0","bfyjiequqian":"空","bfyjiequhou":"空","bfyjiequshuzuqian":"<a","bfyjiequshuzuhou":"/a>","bfbiaotiqian":"<span>","bfbiaotihou":"</span>","bflianjieqian":"href=\"","bflianjiehou":"\""}