{
  "author": "张弘20220731",
  "name": "大米星球〔时间排序〕",
  "url": "https://www.dmxq.fun", //填网站链接
  "tihuan": "cnzz.com", //这个不用动，是个别网站嗅探时过滤地址用的
  "User": "空", //这个不用动，是个别网站播放需要请求头时才用到
  "shouye": "1",

  "fenlei": "奈飞剧$/vodshow/21--time-Netflix-----#奈飞影片$/vodshow/20--time-Netflix-----#电影$/vodshow/20--time------#电视剧$/vodshow/21--time------#动漫$/vodshow/22--time------#综艺$/vodshow/23--time------#国产剧$/vodshow/21-大陆-time------#香港剧$/vodshow/21-香港-time------#台湾剧$/vodshow/21-台湾-time------#日本剧$/vodshow/21-日本-time------#韩国剧$/vodshow/21-韩国-time------#美国剧$/vodshow/21-美国-time------#英国剧$/vodshow/21-英国-time------#法国剧$/vodshow/21-法国-time------#德国剧$/vodshow/21-德国-time------#印度剧$/vodshow/21-印度-time------#泰国剧$/vodshow/21-泰国-time------#丹麦剧$/vodshow/21-丹麦-time------#瑞典剧$/vodshow/21-瑞典-time------#巴西剧$/vodshow/21-巴西-time------#加拿大剧$/vodshow/21-加拿大-time------#俄罗斯剧$/vodshow/21-俄罗斯-time------#意大利剧$/vodshow/21-意大利-time------#比利时剧$/vodshow/21-比利时-time------#爱尔兰剧$/vodshow/21-爱尔兰-time------#西班牙剧$/vodshow/21-西班牙-time------#澳大利亚剧$/vodshow/21-澳大利亚-time------#仙侠剧$/vodshow/21--time-仙侠-----#剧情剧$/vodshow/21--time-剧情-----#科幻剧$/vodshow/21--time-科幻-----#动作剧$/vodshow/21--time-动作-----#喜剧$/vodshow/21--time-喜剧-----#爱情剧$/vodshow/21--time-爱情-----#冒险剧$/vodshow/21--time-冒险-----#儿童剧$/vodshow/21--time-儿童-----#歌舞剧$/vodshow/21--time-歌舞-----#音乐剧$/vodshow/21--time-音乐-----#奇幻剧$/vodshow/21--time-奇幻-----#动画剧$/vodshow/21--time-动画-----#恐怖剧$/vodshow/21--time-恐怖-----#惊悚剧$/vodshow/21--time-惊悚-----#丧尸剧$/vodshow/21--time-丧尸-----#战争剧$/vodshow/21--time-战争-----#传记剧$/vodshow/21--time-传记-----#纪录剧$/vodshow/21--time-纪录-----#犯罪剧$/vodshow/21--time-犯罪-----#悬疑剧$/vodshow/21--time-悬疑-----#西部剧$/vodshow/21--time-西部-----#灾难剧$/vodshow/21--time-灾难-----#古装剧$/vodshow/21--time-古装-----#武侠剧$/vodshow/21--time-武侠-----#家庭剧$/vodshow/21--time-家庭-----#短剧$/vodshow/21--time-短剧-----#运动剧$/vodshow/21--time-运动-----#青春剧$/vodshow/21--time-青春-----#同性剧$/vodshow/21--time-同性-----#励志剧$/vodshow/21--time-励志-----#历史剧$/vodshow/21--time-历史-----#真人秀$/vodshow/21--time-真人秀-----#脱口秀$/vodshow/21--time-脱口秀-----#仙侠片$/vodshow/20--time-仙侠-----#剧情片$/vodshow/20--time-剧情-----#科幻片$/vodshow/20--time-科幻-----#动作片$/vodshow/20--time-动作-----#喜剧片$/vodshow/20--time-喜剧-----#爱情片$/vodshow/20--time-爱情-----#冒险片$/vodshow/20--time-冒险-----#儿童片$/vodshow/20--time-儿童-----#歌舞片$/vodshow/20--time-歌舞-----#音乐片$/vodshow/20--time-音乐-----#奇幻片$/vodshow/20--time-奇幻-----#动画片$/vodshow/20--time-动画-----#恐怖片$/vodshow/20--time-恐怖-----#惊悚片$/vodshow/20--time-惊悚-----#丧尸片$/vodshow/20--time-丧尸-----#战争片$/vodshow/20--time-战争-----#传记片$/vodshow/20--time-传记-----#纪录片$/vodshow/20--time-纪录-----#犯罪片$/vodshow/20--time-犯罪-----#悬疑片$/vodshow/20--time-悬疑-----#西部片$/vodshow/20--time-西部-----#灾难片$/vodshow/20--time-灾难-----#古装片$/vodshow/20--time-古装-----#武侠片$/vodshow/20--time-武侠-----#家庭片$/vodshow/20--time-家庭-----#短片$/vodshow/20--time-短片-----#运动片$/vodshow/20--time-运动-----#青春片$/vodshow/20--time-青春-----#同性片$/vodshow/20--time-同性-----#励志片$/vodshow/20--time-励志-----#历史片$/vodshow/20--time-历史-----", //网站列表的分类
  "houzhui": "---.html", //网站翻页链接的后缀

  "shifouercijiequ": "1", //截取的列表数组是否需要二次截取，0不需要，1需要
  "jiequqian": "class=\"module-items", //不需要二次截取就填空
  "jiequhou": "class=\"fixedGroup", //不需要二次截取就填空
  "jiequshuzuqian": "<a", //截取的列表数组的前关键词,截取的关键词有 " 的用 \ 进行转义
  "jiequshuzuhou": "alt=\"", //截取的列表数组的后关键词,截取的关键词有 " 的用 \ 进行转义
  "tupianqian": "data-original=\"", //列表中资源的图片前关键词,截取的关键词有 " 的用 \ 进行转义
  "tupianhou": "\"", //列表中资源的图片后关键词,截取的关键词有 " 的用 \ 进行转义
  "biaotiqian": "title=\"", //列表中资源的标题前关键词,截取的关键词有 " 的用 \ 进行转义
  "biaotihou": "\"", //列表中资源的标题后关键词,截取的关键词有 " 的用 \ 进行转义
  "lianjieqian": "href=\"", //列表中资源的详情页跳转链接前关键词,截取的关键词有 " 的用 \ 进行转义
  "lianjiehou": "\"", //列表中资源的详情页跳转链接后关键词,截取的关键词有 " 的用 \ 进行转义

  //搜索部分基本不用动，现在网站基本都是苹果CMS，所有搜索是固定的。
  "sousuoqian": "/index.php/ajax/suggest?mid=1&wd=",
  "sousuohou": "&limit=500",
  "sousuohouzhui": "/voddetail/", //搜索页影片跳转详情页的中间标识链接部分
  "ssmoshi": "0",
  "sousuoshifouercijiequ": "0",
  "jspic": "pic",
  "jsname": "name",
  "jsid": "id",
  "ssjiequqian": "空",
  "ssjiequhou": "空",
  "ssjiequshuzuqian": "空",
  "ssjiequshuzuhou": "空",
  "sstupianqian": "空",
  "sstupianhou": "空",
  "ssbiaotiqian": "空",
  "ssbiaotihou": "空",
  "sslianjieqian": "空",
  "sslianjiehou": "空",

  "bfshifouercijiequ": "0",
  "bfjiequqian": "空",
  "bfjiequhou": "空",
  "bfjiequshuzuqian": "class=\"module-play-list\"", //播放截取的列表数组的前关键词
  "bfjiequshuzuhou": "</div>", //播放截取的列表数组的后关键词

  "zhuangtaiqian": "备注：</span>", //状态前关键词
  "zhuangtaihou": "</div>", //状态后关键词
  "daoyanqian": "导演：</span>", //导演前关键词
  "daoyanhou": "</div>", //导演态后关键词
  "zhuyanqian": "主演：</span>", //主演前关键词
  "zhuyanhou": "</div>", //主演后关键词
  "juqingqian": "n-content\"><p>", //剧情前关键词
  "juqinghou": "</p>", //剧情后关键词

  "bfyshifouercijiequ": "0", //截取的播放列表数组是否需要二次截取，0不需要，1需要
  "bfyjiequqian": "空", //不需要二次截取就填空
  "bfyjiequhou": "空", //不需要二次截取就填空
  "bfyjiequshuzuqian": "<a", //播放剧集数组前关键词
  "bfyjiequshuzuhou": "/a>", //播放剧集数组后关键词
  "bfbiaotiqian": "span>", //播放剧集标题前关键词
  "bfbiaotihou": "</span", //状播放剧集标题后关键词
  "bflianjieqian": "href=\"", //播放剧集链接前关键词
  "bflianjiehou": "\""
} //播放剧集链接后关键词