{"name":"极品影视",
"url":"https://www.jpys.me",
"User":"空",
"fenlei":"大陆剧$/vodshow/13--------#香港剧$/vodshow/14--------#欧美剧$/vodshow/15--------#韩国剧$/vodshow/16--------#日本剧$/vodshow/20--------#台湾剧$/vodshow/21--------#泰国剧$/vodshow/22--------#动漫$/vodshow/3--------#综艺$/vodshow/4--------#动作片$/vodshow/6--------#喜剧片$/vodshow/7--------#爱情片$/vodshow/8--------#科幻片$/vodshow/9--------#恐怖片$/vodshow/10--------#剧情片$/vodshow/11--------#战争片$/vodshow/12--------",
"houzhui":"---.html",
"shifouercijiequ":"0",
"jiequqian":"空",
"jiequhou":"空",
"jiequshuzuqian":"lazyload\"",
"jiequshuzuhou":"</a>",
"tupianqian":"data-original=\"",
"tupianhou":"\"",
"biaotiqian":"title=\"",
"biaotihou":"\"",
"lianjieqian":"href=\"",
"lianjiehou":"\"",
"fubiaotiqian":"text-right\">",
"fubiaotihou":"</span>",
"sousuoqian":"/index.php/ajax/suggest?mid=1&wd=",
"sousuohou":"&limit=500",
"sousuohouzhui":"/voddetail/",
"ssmoshi":"0",
"sousuoshifouercijiequ":"0",
"jspic":"pic",
"jsname":"name",
"jsid":"id",
"ssjiequqian":"空",
"ssjiequhou":"空",
"ssjiequshuzuqian":"空",
"ssjiequshuzuhou":"空",
"sstupianqian":"空",
"sstupianhou":"空",
"ssbiaotiqian":"空",
"ssbiaotihou":"空",
"sslianjieqian":"空",
"sslianjiehou":"空",
"bfshifouercijiequ":"0",
"bfjiequqian":"空",
"bfjiequhou":"空",
"bfjiequshuzuqian":"class=\"myui-content__list",
"bfjiequshuzuhou":"</ul>",
"zhuangtaiqian":"更新：</span>",
"zhuangtaihou":"</p>",
"daoyanqian":"导演：</span>",
"daoyanhou":"</p>",
"zhuyanqian":"主演：</span>",
"zhuyanhou":"</p>",
"juqingqian":"简介：</span>",
"juqinghou":"<a",
"bfyshifouercijiequ":"0",
"bfyjiequqian":"空",
"bfyjiequhou":"空",
"bfyjiequshuzuqian":"<a",
"bfyjiequshuzuhou":"/a>",
"bfbiaotiqian":">",
"bfbiaotihou":"<",
"bflianjieqian":"href=\"",
"bflianjiehou":"\""
}