{"author": "张弘20220731","name":"饭团","url":"http://www.fantuantva.com/","User":"User-Agent:Dart/2.14 (dart:io)","shouye":"1","fenlei":"电影$/t/dianying/page/#大陆剧$/t/lianxuju/page/#国产剧$/t/guochanju/page/#综艺$/t/zongyi/page/#动漫$/t/dongman/page/","houzhui":".html","shifouercijiequ":"0","jiequqian":"空","jiequhou":"空","jiequshuzuqian":"class=\"show_play\">","jiequshuzuhou":"</div>","tupianqian":"data-original=\"","tupianhou":"\"","biaotiqian":"title=\"","biaotihou":"\"","lianjieqian":"href=\"","lianjiehou":"\"","sousuoqian":"/index.php/ajax/suggest?mid=1&wd=","sousuohou":"&limit=500","sousuohouzhui":"/v/","ssmoshi":"0","sousuoshifouercijiequ":"0","jspic":"pic","jsname":"name","jsid":"id","ssjiequqian":"空","ssjiequhou":"空","ssjiequshuzuqian":"空","ssjiequshuzuhou":"空","sstupianqian":"空","sstupianhou":"空","ssbiaotiqian":"空","ssbiaotihou":"空","sslianjieqian":"空","sslianjiehou":"空","bfshifouercijiequ":"0","bfjiequqian":"空","bfjiequhou":"空","bfjiequshuzuqian":"class=\"con_c2_list\">","bfjiequshuzuhou":"</ul>","zhuangtaiqian":"class=\"tc_wz\">","zhuangtaihou":"</p>","daoyanqian":"导演：</span>","daoyanhou":"</p>","zhuyanqian":"主演：</span>","zhuyanhou":"</p>","juqingqian":"</span>","juqinghou":"</p>","bfyshifouercijiequ":"0","bfyjiequqian":"空","bfyjiequhou":"空","bfyjiequshuzuqian":"<a","bfyjiequshuzuhou":"/a>","bfbiaotiqian":">","bfbiaotihou":"<","bflianjieqian":"href=\"","bflianjiehou":"\""}