{"name": "香蕉视频",
  "url": "http://xj02.xjxj77.xyz/",
  //"http://xjxj88.xyz",
  "tihuan": "cnzz.com", 
  "User": "空", 
  "shouye": "1",

  "fenlei": "人妻熟女$/index.php/vod/type/id/1/page/#偷拍自拍$/index.php/vod/type/id/2/page/#港韩情色$/index.php/vod/type/id/3/page/#丝袜制服$/index.php/vod/type/id/4/page/#清纯少女$/index.php/vod/type/id/5/page/#辣妹大奶$/index.php/vod/type/id/34/page/#女同专属$/index.php/vod/type/id/35/page/#素人出演$/index.php/vod/type/id/36/page/#角色扮演$/index.php/vod/type/id/37/page/#成人动漫$/index.php/vod/type/id/38/page/#变态另类$/index.php/vod/type/id/39/page/", 
  "houzhui": ".html",

  "shifouercijiequ": "0", 
  "jiequqian": "空",
  "jiequhou": "空", 
  "jiequshuzuqian": "class=\"module-item-pic", 
  "jiequshuzuhou": "</div>",
  "tupianqian": "data-src=\"",
  "tupianhou": "\"",
  "biaotiqian": "title=\"", 
  "biaotihou": "\"",
  "lianjieqian": "href=\"", 
  "lianjiehou": "\"", 

  "sousuoqian": "/index.php/ajax/suggest?mid=1&wd=",
  "sousuohou": "&limit=500",
  "sousuohouzhui": "/voddetail/", 
  "ssmoshi": "0",
  "sousuoshifouercijiequ": "0",
  "jspic": "pic",
  "jsname": "name",
  "jsid": "id",
  "ssjiequqian": "空",
  "ssjiequhou": "空",
  "ssjiequshuzuqian": "空",
  "ssjiequshuzuhou": "空",
  "sstupianqian": "空",
  "sstupianhou": "空",
  "ssbiaotiqian": "空",
  "ssbiaotihou": "空",
  "sslianjieqian": "空",
  "sslianjiehou": "空",

  "bfshifouercijiequ": "0",
  "bfjiequqian": "空",
  "bfjiequhou": "空",
  "bfjiequshuzuqian": "class=\"scroll-content", 
  "bfjiequshuzuhou": "</div>", 

  "zhuangtaiqian": "状态：</span>",
  "zhuangtaihou": "</div>",
  "daoyanqian": "导演：</span>",
  "daoyanhou": "</div>",
  "zhuyanqian": "主演：</span>",
  "zhuyanhou": "</div>",
  "juqingqian": "剧情：</span>",
  "juqinghou": "</div>",

  "bfyshifouercijiequ": "0", 
  "bfyjiequqian": "空", 
  "bfyjiequhou": "空", 
  "bfyjiequshuzuqian": "<a", 
  "bfyjiequshuzuhou": "/a>",
  "bfbiaotiqian": ">",
  "bfbiaotihou": "<", 
  "bflianjieqian": "href=\"",
  "bflianjiehou": "\""}