{"name": "麻豆传媒破解",
"url": "https://www.madoupj.com",
"tihuan": "cnzz.com",
"User": "空",
"fenlei": "MD系列$/index.php/&m=vodtype/mdapp4/page/#导演系列$/index.php/&m=vodtype/mdapp5/page/#MDS系列$/index.php/&m=vodtype/mdapp6/page/#MDX系列$/index.php/&m=vodtype/mdapp7/page/#MKY系列$/index.php/&m=vodtype/mdapp86/page/#MCY系列$/index.php/&m=vodtype/mdapp95/page/#MDXS系列$/index.php/&m=vodtype/mdapp8/page/#MDL系列$/index.php/&m=vodtype/mdapp46/page/#MMZ猫爪系列$/index.php/&m=vodtype/mdapp50/page/#MAD爱豆系列$/index.php/&m=vodtype/mdapp52/page/#MDWP职场淫行系列$/index.php/&m=vodtype/mdapp57/page/#MLT乐天系列$/index.php/&m=vodtype/mdapp62/page/#MSD系列$/index.php/&m=vodtype/mdapp63/page/#MSM性梦者$/index.php/&m=vodtype/mdapp64/page/#MDM恋爱咖啡馆$/index.php/&m=vodtype/mdapp73/page/#MDUS系列$/index.php/&m=vodtype/mdapp77/page/#MXJ系列$/index.php/&m=vodtype/mdapp78/page/#MSG系列$/index.php/&m=vodtype/mdapp85/page/#MAN系列$/index.php/&m=vodtype/mdapp88/page/#杏吧专区$/index.php/&m=vodtype/mdapp9/page/#辣椒原创$/index.php/&m=vodtype/mdapp79/page/#兔子先生$/index.php/&m=vodtype/mdapp10/page/#O-STAR$/index.php/&m=vodtype/mdapp80/page/#果冻传媒$/index.php/&m=vodtype/mdapp11/page/#91制片厂$/index.php/&m=vodtype/mdapp51/page/#皇家华人$/index.php/&m=vodtype/mdapp12/page/#天美传媒$/index.php/&m=vodtype/mdapp45/page/#吴梦梦专区$/index.php/&m=vodtype/mdapp13/page/#PsychoPorn色控$/index.php/&m=vodtype/mdapp14/page/#叮叮映画$/index.php/&m=vodtype/mdapp70/page/#涩会$/index.php/&m=vodtype/mdapp71/page/#蜜桃影像传媒$/index.php/&m=vodtype/mdapp15/page/#豚豚创媒$/index.php/&m=vodtype/mdapp74/page/#宫美娱乐$/index.php/&m=vodtype/mdapp84/page/#肉肉传媒$/index.php/&m=vodtype/mdapp90/page/#爱妃传媒$/index.php/&m=vodtype/mdapp75/page/#渡边传媒$/index.php/&m=vodtype/mdapp94/page/#葵心娱乐$/index.php/&m=vodtype/mdapp96/page/#YOKUBOU$/index.php/&m=vodtype/mdapp97/page/#糖心$/index.php/&m=vodtype/mdapp72/page/#CCAV成人头条$/index.php/&m=vodtype/mdapp89/page/#精东影业$/index.php/&m=vodtype/mdapp34/page/#星空无限传媒$/index.php/&m=vodtype/mdapp47/page/#乐播传媒$/index.php/&m=vodtype/mdapp48/page/#开心鬼传媒$/index.php/&m=vodtype/mdapp56/page/#葫芦影业$/index.php/&m=vodtype/mdapp81/page/#深夜保健室$/index.php/&m=vodtype/mdapp35/page/#大象传媒$/index.php/&m=vodtype/mdapp58/page/#天马传媒$/index.php/&m=vodtype/mdapp82/page/#SWAG$/index.php/&m=vodtype/mdapp36/page/#HongKongDoll$/index.php/&m=vodtype/mdapp59/page/#国产短视频$/index.php/&m=vodtype/mdapp38/page/#北京天使$/index.php/&m=vodtype/mdapp39/page/#MINI传媒$/index.php/&m=vodtype/mdapp61/page/#麻豆不回家$/index.php/&m=vodtype/mdapp41/page/#狼人插$/index.php/&m=vodtype/mdapp53/page/#女优擂台摔角狂热$/index.php/&m=vodtype/mdapp54/page/#恋爱巴士$/index.php/&m=vodtype/mdapp60/page/#男女优生死斗$/index.php/&m=vodtype/mdapp65/page/#情人劫密室逃脱$/index.php/&m=vodtype/mdapp66/page/#换妻$/index.php/&m=vodtype/mdapp67/page/#你好同学$/index.php/&m=vodtype/mdapp68/page/#鲍鱼的胜利$/index.php/&m=vodtype/mdapp83/page/#性爱自修室$/index.php/&m=vodtype/mdapp87/page/#春游记$/index.php/&m=vodtype/mdapp91/page/#心动的性号$/index.php/&m=vodtype/mdapp92/page/#情趣大富翁$/index.php/&m=vodtype/mdapp93/page/#大鸟十八$/index.php/&m=vodtype/mdapp17/page/#疯拍系列$/index.php/&m=vodtype/mdapp18/page/#创造淫2021$/index.php/&m=vodtype/mdapp55/page/#禁欲小屋$/index.php/&m=vodtype/mdapp76/page/#KISS糖果屋$/index.php/&m=vodtype/mdapp19/page/#小鹏奇啪行$/index.php/&m=vodtype/mdapp20/page/#男优出征趣$/index.php/&m=vodtype/mdapp21/page/",
"houzhui": ".html",
"shifouercijiequ": "0",
"jiequqian": "空",
"jiequhou": "空",
"jiequshuzuqian": "class=\"col-sm-4\"",
"jiequshuzuhou": "</a>",
"tupianqian": "img src=\"",
"tupianhou": "\"",
"biaotiqian": "title=\"",
"biaotihou": "\"",
"lianjieqian": "href=\"",
"lianjiehou": "\"",
"sousuoqian": "/index.php/ajax/suggest?mid=1&wd=",
"sousuohou": ".html",
"sousuohouzhui": "/index.php/vod/detail/id/",
"ssmoshi": "0",
"sousuoshifouercijiequ": "0",
"jspic": "空",
"jsname": "空",
"jsid": "空",
"ssjiequqian": "空",
"ssjiequhou": "空",
"ssjiequshuzuqian": "class=\"col-sm-4\"",
"ssjiequshuzuhou": "</a>",
"sstupianqian": "src=\"",
"sstupianhou": "\"",
"ssbiaotiqian": "title=\"",
"ssbiaotihou": "\"",
"sslianjieqian": "href=\"",
"sslianjiehou": "\"",
"bfshifouercijiequ": "0",
"bfjiequqian": "空",
"bfjiequhou": "空",
"bfjiequshuzuqian": "class=\"single-audio\"",
"bfjiequshuzuhou": "</p>",
"zhuangtaiqian": "class=\"yac\">",
"zhuangtaihou": "</p>",
"daoyanqian": "导演：</span>",
"daoyanhou": "</p>",
"zhuyanqian": "主演：</span>",
"zhuyanhou": "</p>",
"juqingqian": "class=\"title\">",
"juqinghou": "title",
"bfyshifouercijiequ": "0",
"bfyjiequqian": "空",
"bfyjiequhou": "空",
"bfyjiequshuzuqian": "<a",
"bfyjiequshuzuhou": "</a>",
"bfbiaotiqian": ">",
"bfbiaotihou": "</button>",
"bflianjieqian": "href=\"",
"bflianjiehou": "\""
}