{"name": "黄仓库",
"url": "http://791ck.cc",
  "tihuan": "cnzz.com",
"User": "空",
  "shouye": "1",
"fenlei": "日韩AV$/vodtype/1-#国产系列$/vodtype/2-#欧美$/vodtype/3-#成人动漫$/vodtype/4-#无码中文$/vodtype/8-#有码中文$/vodtype/9-#日本无码$/vodtype/10-#日本有码$/vodtype/7-#国产视频$/vodtype/15-#欧美高清$/vodtype/21-#动漫剧情$/vodtype/22-",
"houzhui": ".html",
"shifouercijiequ": "0",
"jiequqian": "空",
"jiequhou": "空",
"jiequshuzuqian": "class=\"stui-vodlist__box",
"jiequshuzuhou": "<span",
"tupianqian": "data-original=\"",
"tupianhou": "\"",
"biaotiqian": "title=\"",
"biaotihou": "\"",
"lianjieqian": "href=\"",
"lianjiehou": "\"",
"sousuoqian": "/index.php/ajax/suggest?mid=1&wd=",
"sousuohou": "&limit=500",
"sousuohouzhui": "/detail/",
"ssmoshi": "1",
"sousuoshifouercijiequ": "0",
"jspic": "pic",
"jsname": "name",
"jsid": "id",
"ssjiequqian": "空",
"ssjiequhou": "空",
"ssjiequshuzuqian": "空",
"ssjiequshuzuhou": "空",
"sstupianqian": "空",
"sstupianhou": "空",
"ssbiaotiqian": "空",
"ssbiaotihou": "空",
"sslianjieqian": "空",
"sslianjiehou": "空",
"bfshifouercijiequ": "0",
"bfjiequqian": "空",
"bfjiequhou": "空",
"bfjiequshuzuqian": "class=\"stui-vodlist clearfix",
"bfjiequshuzuhou": "</ul>",
"zhuangtaiqian": "时间：",
"zhuangtaihou": "<div",
"daoyanqian": "更新时间:<span>",
"daoyanhou": "</p>",
"zhuyanqian": "主演:<span>",
"zhuyanhou": "</p>",
"juqingqian": "剧情:<span>",
"juqinghou": "</p>",
"bfyshifouercijiequ": "0",
"bfyjiequqian": "空",
"bfyjiequhou": "空",
"bfyjiequshuzuqian": "<a",
"bfyjiequshuzuhou": "/a>",
"bfbiaotiqian": ">",
"bfbiaotihou": "<",
"bflianjieqian": "href=\"",
"bflianjiehou": "\""}