{
    "name": "旧梦影视",
    "url": "http://150.158.130.238:4433",
    "User": "User-Agentart/2.14 (dart:io)",
    "fenlei": "电影$/index.php/vod/show/id/1/page#电视剧$/index.php/vod/show/id/2/page#综艺$/index.php/vod/show/id/6/page#动漫$/index.php/vod/show/id/3/page#B站$/index.php/vod/show/id/4/page",
    "houzhui": ".html",
    "shifouercijiequ": "1",
    "jiequqian": "class=\"module-main module-page",
    "jiequhou": "id=\"page\"",
    "jiequshuzuqian": "<a",
    "jiequshuzuhou": "</a>",
    "tupianqian": "data-original=\"",
    "tupianhou": "\"",
    "biaotiqian": "alt=\"",
    "biaotihou": "\"",
    "lianjieqian": "href=\"",
    "lianjiehou": "\"",
    "sousuoqian": "/index.php/ajax/suggest?mid=1&wd=",
    "sousuohou": "&limit=500",
    "sousuohouzhui": "/index.php/vod/detail/id/",
    "ssmoshi": "0",
    "sousuoshifouercijiequ": "0",
    "jspic": "pic",
    "jsname": "name",
    "jsid": "id",
    "ssjiequqian": "空",
    "ssjiequhou": "空",
    "ssjiequshuzuqian": "空",
    "ssjiequshuzuhou": "空",
    "sstupianqian": "空",
    "sstupianhou": "空",
    "ssbiaotiqian": "空",
    "ssbiaotihou": "空",
    "sslianjieqian": "空",
    "sslianjiehou": "空",
    "bfshifouercijiequ": "0",
    "bfjiequqian": "空",
    "bfjiequhou": "空",
    "zhuangtaiqian": "class=\"module-info-item-content\">",
    "zhuangtaihou": "</div>",
    "daoyanqian": "导演：</span>",
    "daoyanhou": "</a>",
    "zhuyanqian": "主演</span>",
    "zhuyanhou": "class=\"slash\"",
    "juqingqian": "class=\"module-info-introduction-content\">",
    "juqinghou": "</p>",
    "bfjiequshuzuqian": "class=\"module-play-list\"",
    "bfjiequshuzuhou": "</div>",
    "bfyshifouercijiequ": "0",
    "bfyjiequqian": "空",
    "bfyjiequhou": "空",
    "bfyjiequshuzuqian": "<a",
    "bfyjiequshuzuhou": "/a>",
    "bfbiaotiqian": "title=\"",
    "bfbiaotihou": "\"",
    "bflianjieqian": "href=\"",
    "bflianjiehou": "\""
}