{
        "name": "看片网",
        "url": "https://www.kanpian.cc/",
        "tihuan": "cnzz.com",
"shouye": "1",
        "User": "空",
        "fenlei": "电影$/shaixuan/dianying--------#电视剧$/shaixuan/lianxuju--------#综艺$/shaixuan/zongyi--------#动漫$/shaixuan/dongman--------",
        "houzhui": "---.html",
        "shifouercijiequ": "0",
        "jiequqian": "空",
        "jiequhou": "空",
        "jiequshuzuqian": "class=\"vodlist_thumb lazyload\"",
        "jiequshuzuhou": "</a>",
        "tupianqian": "data-original=\"",
        "tupianhou": "\"",
        "biaotiqian": "title=\"",
        "biaotihou": "\"",
"fubiaotiqian":"class=\"pic_text text_right text_dy\">",
"fubiaotihou":"</span>",
        "lianjieqian": "href=\"",
        "lianjiehou": "\"",
        "sousuoqian": "/index.php/ajax/suggest?mid=1&wd=",
        "sousuohou": "&limit=500",
        "sousuohouzhui": "/movie/",
        "ssmoshi": "0",
        "sousuoshifouercijiequ": "0",
        "jspic": "pic",
        "jsname": "name",
        "jsid": "id",
        "ssjiequqian": "空",
        "ssjiequhou": "空",
        "ssjiequshuzuqian": "空",
        "ssjiequshuzuhou": "空",
        "sstupianqian": "空",
        "sstupianhou": "空",
        "ssbiaotiqian": "空",
        "ssbiaotihou": "空",
        "sslianjieqian": "空",
        "sslianjiehou": "空",
        "bfshifouercijiequ": "0",
        "bfjiequqian": "空",
        "bfjiequhou": "空",
        "bfjiequshuzuqian": "class=\"playlist_full\"",
        "bfjiequshuzuhou": "</ul>",
        "zhuangtaiqian": "状态：",
        "zhuangtaihou": "</li>",
        "daoyanqian": "导演：",
        "daoyanhou": "</li>",
        "zhuyanqian": "主演：",
        "zhuyanhou": "</li>",
        "juqingqian": "剧情介绍</h2>",
        "juqinghou": "</span>",
        "bfyshifouercijiequ": "0",
        "bfyjiequqian": "空",
        "bfyjiequhou": "空",
        "bfyjiequshuzuqian": "<a",
        "bfyjiequshuzuhou": "/a>",
        "bfbiaotiqian": ">",
        "bfbiaotihou": "<",
        "bflianjieqian": "href=\"",
        "bflianjiehou": "\""
}