{
  "author": "20220609",
  "name": "OmoFun动漫",
  "url": "https://www.omofun.tv", //填网站链接
  "tihuan": "cnzz.com", //这个不用动，是个别网站嗅探时过滤地址用的
  "User": "空", //这个不用动，是个别网站播放需要请求头时才用到
  "shouye": "1",

  "fenlei": "日漫$/vod/show/id/20/page/#热血$/vod/show/class/热血/id/20/page/#穿越$/vod/show/class/穿越/id/20/page/#奇幻$/vod/show/class/奇幻/id/20/page/#战斗$/vod/show/class/战斗/id/20/page/#搞笑$/vod/show/class/搞笑/id/20/page/#日常$/vod/show/class/日常/id/20/page/#科幻$/vod/show/class/科幻/id/20/page/#萌系$/vod/show/class/萌系/id/20/page/#治愈$/vod/show/class/治愈/id/20/page/#校园$/vod/show/class/校园/id/20/page/#恋爱$/vod/show/class/恋爱/id/20/page/#魔法$/vod/show/class/魔法/id/20/page/#冒险$/vod/show/class/冒险/id/20/page/#机战$/vod/show/class/机战/id/20/page/#催泪$/vod/show/class/催泪/id/20/page/#音乐$/vod/show/class/音乐/id/20/page/", //网站列表的分类
  "houzhui": ".html", //网站翻页链接的后缀

  "shifouercijiequ": "1", //截取的列表数组是否需要二次截取，0不需要，1需要
  "jiequqian": "<div class=\"module-items", //不需要二次截取就填空
  "jiequhou": "class=\"fixedGroup", //不需要二次截取就填空
  "jiequshuzuqian": "<a", //截取的列表数组的前关键词,截取的关键词有 " 的用 \ 进行转义
  "jiequshuzuhou": "alt=\"", //截取的列表数组的后关键词,截取的关键词有 " 的用 \ 进行转义
  "tupianqian": "data-original=\"", //列表中资源的图片前关键词,截取的关键词有 " 的用 \ 进行转义
  "tupianhou": "\"", //列表中资源的图片后关键词,截取的关键词有 " 的用 \ 进行转义
  "biaotiqian": "title=\"", //列表中资源的标题前关键词,截取的关键词有 " 的用 \ 进行转义
  "biaotihou": "\"", //列表中资源的标题后关键词,截取的关键词有 " 的用 \ 进行转义
  "lianjieqian": "href=\"", //列表中资源的详情页跳转链接前关键词,截取的关键词有 " 的用 \ 进行转义
  "lianjiehou": "\"", //列表中资源的详情页跳转链接后关键词,截取的关键词有 " 的用 \ 进行转义

  //新版Biubiu参数：副标题 (不需要的话，就不填写或者删除副标题2个字段也可以。)
  "fubiaotiqian": "item-note\">",
  "fubiaotihou": "</div>",


  //搜索部分基本不用动，现在网站基本都是苹果CMS，所有搜索是固定的。
  "sousuoqian": "/index.php/ajax/suggest?mid=1&wd=天使的心跳",
  "sousuohou": "&limit=500",
  "sousuohouzhui": "/vod/detail/id/", //搜索页影片跳转详情页的中间标识链接部分
  "ssmoshi": "0",
  "sousuoshifouercijiequ": "0",
  "jspic": "pic",
  "jsname": "name",
  "jsid": "id",
  "ssjiequqian": "空",
  "ssjiequhou": "空",
  "ssjiequshuzuqian": "空",
  "ssjiequshuzuhou": "空",
  "sstupianqian": "空",
  "sstupianhou": "空",
  "ssbiaotiqian": "空",
  "ssbiaotihou": "空",
  "sslianjieqian": "空",
  "sslianjiehou": "空",

  "bfshifouercijiequ": "0",
  "bfjiequqian": "空",
  "bfjiequhou": "空",
  "bfjiequshuzuqian": "class=\"module-play-list-content", //播放截取的列表数组的前关键词
  "bfjiequshuzuhou": "</div>", //播放截取的列表数组的后关键词

  "zhuangtaiqian": "备注：</span>", //状态前关键词
  "zhuangtaihou": "</div>", //状态后关键词
  "daoyanqian": "导演：</span>", //导演前关键词
  "daoyanhou": "</div>", //导演态后关键词
  "zhuyanqian": "主演：</span>", //主演前关键词
  "zhuyanhou": "</div>", //主演后关键词
  "juqingqian": "introduction-content\"><p>", //剧情前关键词
  "juqinghou": "</p>", //剧情后关键词

  "bfyshifouercijiequ": "0", //截取的播放列表数组是否需要二次截取，0不需要，1需要
  "bfyjiequqian": "空", //不需要二次截取就填空
  "bfyjiequhou": "空", //不需要二次截取就填空
  "bfyjiequshuzuqian": "<a", //播放剧集数组前关键词
  "bfyjiequshuzuhou": "/a>", //播放剧集数组后关键词
  "bfbiaotiqian": "span>", //播放剧集标题前关键词
  "bfbiaotihou": "</span", //状播放剧集标题后关键词
  "bflianjieqian": "href=\"", //播放剧集链接前关键词
  "bflianjiehou": "\""
} //播放剧集链接后关键词